Sm_t00007054-RA	1-acyl-sn-glycerol-3-phosphate acyltransferase, chloroplastic	2.3.1.51				Plastid	-
Sm_t00012245-RA	1,4-dihydroxy-2-naphthoate octaprenyltransferase, partial	2.5.1.74		Very truncated		-	-
Sm_t00008513-RA	18S rRNA (guanine-N(7))-methyltransferase-related protein	2.1.1.-				-	-
Sm_t00013131-RA	18S rRNA aminocarboxypropyltransferase	2.5.1.-				-	-
Sm_t00016925-RA	2-(3-amino-3-carboxypropyl)histidine synthase subunit 1	2.5.1.108				-	-
Sm_t00011421-RA	2-(3-amino-3-carboxypropyl)histidine synthase subunit 2	2.5.1.108				-	-
Sm_t00016896-RA	2-methoxy-6-polyprenyl-1,4-benzoquinol methylase	2.1.1.201				-	-
Sm_t00002448-RA	2OG-Fe(II) oxygenase family protein	-				-	-
Sm_t00001357-RA	2OG-Fe(II) oxygenase superfamily protein	1.14.11.-				-	-
Sm_t00006765-RA	3-isopropylmalate dehydratase, chloroplastic	4.2.1.33				Plastid	-
Sm_t00003694-RA	3-oxo-5-alpha-steroid 4-dehydrogenase family protein	1.3.99.5				-	-
Sm_t00011489-RA	4-hydroxy-3-methylbut-2-en-1-yl diphosphate synthase (flavodoxin), chloroplastic	1.17.7.3		Annotation tools say bacterial type, but A. thaliana cp-copy is ferredoxin		Plastid	-
Sm_t00001620-RA	4-hydroxy-4-methyl-2-oxoglutarate aldolase, mitochondrial	4.1.1.112,4.1.3.17				-	Mito
Sm_t00000187-RA	40S ribosomal protein S10	-		Double check if any other copies present; this annot. may be off		-	-
Sm_t00000644-RA	40S ribosomal protein S11	-				-	-
Sm_t00010847-RA	40S ribosomal protein S15	-				-	-
Sm_t00010998-RA	40S ribosomal protein S15a	-				-	-
Sm_t00000782-RA	40S ribosomal protein S16	-				-	-
Sm_t00005518-RA	40S ribosomal protein S18	-				-	-
Sm_t00000066-RA	40S ribosomal protein S19	-				-	-
Sm_t00010762-RA	40S ribosomal protein S21	-				-	-
Sm_t00007381-RA	40S ribosomal protein S24	-				-	-
Sm_t00008334-RA	40S ribosomal protein S25	-				-	-
Sm_t00007316-RA	40S ribosomal protein S26	-				-	-
Sm_t00018128-RA	40S ribosomal protein S28	-		Model should be split	Other half should be AAA ATPase?	-	-
Sm_t00011187-RA	40S ribosomal protein S29	-				-	-
Sm_t00003580-RA	40S ribosomal protein S3	-				-	-
Sm_t00002457-RA	40S ribosomal protein S30	-		Model should be split		-	-
Sm_t00010202-RA	40S ribosomal protein S3a	-		Or S1?		-	-
Sm_t00011243-RA	40S ribosomal protein S5	-		Half coverage	Or S7?	-	-
Sm_t00017931-RA	40S ribosomal protein S5	-		Half coverage	Or S7?	-	-
Sm_t00006891-RA	40S ribosomal protein S6	-				-	-
Sm_t00004539-RA	40S ribosomal protein S8	-				-	-
Sm_t00004571-RA	40S ribosome biogenesis protein, Bms1/Tsr1 family	-				-	-
Sm_t00007387-RA	5-formyltetrahydrofolate cyclo-ligase, chloroplastic	6.3.3.2		Split model	Other half - ribosome maturation factor?	-	-
Sm_t00012561-RA	5'-3' exoribonuclease	3.1.13.-				-	-
Sm_t00003840-RA	60S acidic ribosomal protein P0	-				-	-
Sm_t00001619-RA	60S ribosomal export protein NMD3	-				-	-
Sm_t00006054-RA	60S ribosomal protein L10a	-				-	-
Sm_t00000763-RA	60S ribosomal protein L11	-				-	-
Sm_t00018418-RA	60S ribosomal protein L12	-				-	-
Sm_t00010827-RA	60S ribosomal protein L13	-				-	-
Sm_t00001900-RA	60S ribosomal protein L13a	-				-	-
Sm_t00002749-RA	60S ribosomal protein L14	-				-	-
Sm_t00001117-RA	60S ribosomal protein L17	-				-	-
Sm_t00001287-RA	60S ribosomal protein L18	-		Half coverage region		-	-
Sm_t00011594-RA	60S ribosomal protein L18	-		Half coverage region		-	-
Sm_t00016936-RA	60S ribosomal protein L18a	-				-	-
Sm_t00018412-RA	60S ribosomal protein L19	-				-	-
Sm_t00001625-RA	60S ribosomal protein L21	-				-	-
Sm_t00006079-RA	60S ribosomal protein L22	-				-	-
Sm_t00008042-RA	60S ribosomal protein L24	-				-	-
Sm_t00000986-RA	60S ribosomal protein L26	-				-	-
Sm_t00002363-RA	60S ribosomal protein L28	-		Weird coverage; false positive mito signal?		-	Mito
Sm_t00004854-RA	60S ribosomal protein L29	-		Slightly weird coverage		-	-
Sm_t00013148-RA	60S ribosomal protein L30	-		L7 was old designation, according to CDD		-	-
Sm_t00006626-RA	60S ribosomal protein L35	-				-	-
Sm_t00010854-RA	60S ribosomal protein L36	-				-	-
Sm_t00001053-RA	60S ribosomal protein L37	-				-	-
Sm_t00005643-RA	60S ribosomal protein L38	-				-	-
Sm_t00000491-RA	60S ribosomal protein L4-1	-				-	-
Sm_t00009149-RA	60S ribosomal protein L5	-				-	-
Sm_t00007190-RA	60S ribosomal protein L7	-		Half coverage	Or '-related protein'?	-	-
Sm_t00012371-RA	60S ribosomal protein L7	-		Half coverage	Or '-related protein'?	-	-
Sm_t00014621-RA	60S ribosomal protein L8	-				-	-
Sm_t00008038-RA	60S ribosome subunit biogenesis protein NIP7	-				-	-
Sm_t00003916-RA	ABC transporter	-			Check family	-	-
Sm_t00009494-RA	ABC transporter	-			Check family	-	-
Sm_t00002532-RA	ABC transporter	-				-	-
Sm_t00013806-RA	ABC transporter	-				-	-
Sm_t00010951-RA	ABC transporter, ABC-F family	-				-	-
Sm_t00013308-RA	ABC transporter, chloroplastic	-				Plastid	-
Sm_t00004989-RA	ABC1 kinase family protein	2.7.-.-				-	-
Sm_t00007864-RA	ABC1 kinase family protein	2.7.-.-				-	-
Sm_t00004806-RA	ABC1 kinase family protein, chloroplastic	2.7.-.-				Plastid	-
Sm_t00017698-RA	ABC1 kinase family protein, mitochondrial	2.7.-.-		Half (1/3?) coverage		-	Mito
Sm_t00001289-RA	acid phosphatase family protein	3.1.3.-		Half coverage region		-	-
Sm_t00011592-RA	acid phosphatase family protein	3.1.3.-		Half coverage region		-	-
Sm_t00000370-RA	activator of basal transcription 1	-				-	-
Sm_t00002693-RA	adenosine 3'-phospho 5'-phosphosulfate transporter	-				-	-
Sm_t00011105-RA	adenosine 3'-phospho 5'-phosphosulfate transporter	-				-	-
Sm_t00005154-RA	adenylate/guanylate cyclase	4.6.1.-				-	-
Sm_t00011406-RA	adenylate/guanylate cyclase domain-containing protein	4.6.1.-				-	-
Sm_t00015008-RA	adenylosuccinate synthetase	6.3.4.4				-	-
Sm_t00014455-RA	ADP-ribosylation factor GTPase-activating protein	-				-	-
Sm_t00006730-RA	ADP-ribosylation factor-like protein	-		Maybe ARF1? (3.6.5.2)		-	-
Sm_t00013850-RA	ADP-ribosylglycohydrolase family protein	-		Model should be split		-	-
Sm_t00001049-RA	ADP/ATP carrier protein	-				-	-
Sm_t00010913-RA	ADP/ATP carrier protein	-		Half coverage		-	-
Sm_t00011219-RA	ADP/ATP carrier protein	-				-	-
Sm_t00002049-RA	ADP/ATP translocase	-		Half coverage		-	-
Sm_t00009435-RA	AIR carboxylase	4.1.1.21		Half coverage		-	-
Sm_t00020707-RA	AIR carboxylase	4.1.1.21		Half coverage		-	-
Sm_t00022480-RA	alanine-tRNA ligase	6.1.1.7				-	-
Sm_t00012845-RA	alcohol dehydrogenase-related protein	-				-	-
Sm_t00009522-RA	aldo-keto reductase family protein, chloroplastic	-				Plastid	-
Sm_t00011104-RA	alpha N-terminal protein methyltransferase	2.1.1.244		Model should be split		-	-
Sm_t00009076-RA	alpha-1,2-mannosyltransferase ALG9	2.4.1.259,2.4.1.261				-	-
Sm_t00004144-RA	alpha/beta hydrolase family protein	-				-	-
Sm_t00004198-RA	alpha/beta hydrolase family protein	-				-	-
Sm_t00005660-RA	alpha/beta hydrolase family protein	-				-	-
Sm_t00006936-RA	alpha/beta hydrolase family protein	-				-	-
Sm_t00004030-RA	alpha/beta hydrolase family protein	-				-	-
Sm_t00002596-RA	amidophosphoribosyltransferase	2.4.2.14				-	-
Sm_t00004647-RA	amine oxidase (flavin-containing)	1.4.3.4,1.4.3.21				-	-
Sm_t00004028-RA	amine oxidase family protein	-				-	-
Sm_t00012776-RA	ammonium transporter	-		Model should be split in three		-	-
Sm_t00006223-RA	apoptosis-antagonizing transcription factor	-				-	-
Sm_t00000701-RA	arginine-tRNA ligase, partial	6.1.1.19		Models should be merged		-	-
Sm_t00000702-RA	arginine-tRNA ligase, partial	6.1.1.19		Models should be merged		-	-
Sm_t00000703-RA	arginine-tRNA ligase, partial	6.1.1.19		Models should be merged		-	-
Sm_t00022473-RA	argininosuccinate lyase	4.3.2.1				-	-
Sm_t00017260-RA	ARMET family protein	-				-	-
Sm_t00001302-RA	asparaginase, mitochondrial	3.5.1.1		Model should be split; part half cover	Upstream is 'predicted protein'	-	-
Sm_t00001520-RA	asparagine synthetase	6.3.5.4				-	-
Sm_t00005474-RA	aspartate aminotransferase, partial	2.6.1.1		Models should be merged	Possibly chloroplastic	-	-
Sm_t00005475-RA	aspartate aminotransferase, partial	2.6.1.1		Models should be merged	Possibly chloroplastic	-	-
Sm_t00013831-RA	aspartate racemase	5.1.1.13				-	-
Sm_t00013821-RA	aspartate-tRNA ligase	6.1.1.12				-	-
Sm_t00001769-RA	ataxin-10 domain-containing protein	-				-	-
Sm_t00007516-RA	ATP phosphoribosyltransferase	2.4.2.17				-	-
Sm_t00012673-RA	ATP-dependent RNA helicase	3.6.4.13				-	-
Sm_t00000355-RA	ATP-dependent RNA helicase	3.6.4.13				-	-
Sm_t00000636-RA	ATP-dependent RNA helicase	3.6.4.13				-	-
Sm_t00001131-RA	ATP-dependent RNA helicase	3.6.4.13				-	-
Sm_t00001217-RA	ATP-dependent RNA helicase	3.6.4.13				-	-
Sm_t00001817-RA	ATP-dependent RNA helicase	3.6.4.13				-	-
Sm_t00002133-RA	ATP-dependent RNA helicase	3.6.4.13				-	-
Sm_t00003431-RA	ATP-dependent RNA helicase	3.6.4.13				-	-
Sm_t00003544-RA	ATP-dependent RNA helicase	3.6.4.13				-	-
Sm_t00003639-RA	ATP-dependent RNA helicase	3.6.4.13				-	-
Sm_t00003818-RA	ATP-dependent RNA helicase	3.6.4.13				-	-
Sm_t00003943-RA	ATP-dependent RNA helicase	3.6.4.13				-	-
Sm_t00005488-RA	ATP-dependent RNA helicase	3.6.4.13				-	-
Sm_t00005859-RA	ATP-dependent RNA helicase	3.6.4.13				-	-
Sm_t00006236-RA	ATP-dependent RNA helicase	3.6.4.13				-	-
Sm_t00008136-RA	ATP-dependent RNA helicase	3.6.4.13				-	-
Sm_t00008681-RA	ATP-dependent RNA helicase	3.6.4.13				-	-
Sm_t00012212-RA	ATP-dependent RNA helicase	3.6.4.13				-	-
Sm_t00016935-RA	ATP-dependent RNA helicase	3.6.4.13				-	-
Sm_t00002017-RA	ATP-dependent RNA helicase, chloroplastic	3.6.4.13				Plastid	-
Sm_t00003162-RA	ATP-dependent RNA helicase, chloroplastic/mitochondrial	3.6.4.13				Plastid	Mito
Sm_t00014659-RA	ATP-dependent RNA helicase, mitochondrial	3.6.4.13				-	Mito
Sm_t00010042-RA	ATP-dependent RNA helicase, partial	3.6.4.13		Models should be merged		-	-
Sm_t00010043-RA	ATP-dependent RNA helicase, partial	3.6.4.13		Models should be merged		-	-
Sm_t00013838-RA	ATP-dependent RNA helicase, partial	3.6.4.13		Models should be merged		-	-
Sm_t00013839-RA	ATP-dependent RNA helicase, partial	3.6.4.13		Models should be merged		-	-
Sm_t00011077-RA	ATP-dependent zinc metalloprotease, FtsH family	3.4.24.-				-	-
Sm_t00011575-RA	ATP12 family chaperone protein	-		Should this be mitochondrial?		-	-
Sm_t00011470-RA	autophagy-related protein 22 family protein	-				-	-
Sm_t00007461-RA	BCP1 family protein	-				-	-
Sm_t00018108-RA	beta propeller domain-containing protein	-				-	-
Sm_t00000865-RA	beta-lactamase superfamily domain-containing protein	-				-	-
Sm_t00002642-RA	bicarbonate transporter, chloroplastic	-				Plastid	-
Sm_t00004031-RA	BOP1/ERB1 family ribosome biogenesis protein	-				-	-
Sm_t00000201-RA	branched-chain-amino-acid aminotransferase, chloroplastic	2.6.1.42				Plastid	-
Sm_t00003823-RA	Brix domain-containing protein	-				-	-
Sm_t00010848-RA	Brix domain-containing protein	-				-	-
Sm_t00013879-RA	Brix domain-containing protein	-				-	-
Sm_t00012831-RA	bystin	-				-	-
Sm_t00000861-RA	C2H2-type zinc finger protein	-				-	-
Sm_t00001032-RA	calcium-dependent protein kinase	2.7.11.1				-	-
Sm_t00012923-RA	calcium-dependent protein kinase	2.7.11.1				-	-
Sm_t00016890-RA	carbamoyl-phosphate synthase I, mitochondrial	6.3.4.16		Triple-check the EC no.?		-	Mito
Sm_t00011045-RA	carbamoyl-phosphate synthase II	6.3.5.5				-	-
Sm_t00012791-RA	carotenoid oxygenase family protein	-				-	-
Sm_t00010676-RA	cationic amino acid transport permease	-				-	-
Sm_t00005589-RA	cell division cycle 123 family protein	-				-	-
Sm_t00007361-RA	cell growth-regulating nucleolar protein	-				-	-
Sm_t00001330-RA	centrin-1	-				-	-
Sm_t00013453-RA	CGLD27-like protein, chloroplastic	-		CGLD27 required for growth in low iron		Plastid	-
Sm_t00002126-RA	chaperone protein DnaJ	-				-	-
Sm_t00002248-RA	chaperone protein DnaJ	-				-	-
Sm_t00011686-RA	chaperonin CPN20, chloroplastic	-				Plastid	-
Sm_t00020216-RA	chaperonin CPN60	-		Low coverage in centre?		-	-
Sm_t00007776-RA	chaperonin CPN60, chloroplastic	-				Plastid	-
Sm_t00007224-RA	chitinase	3.2.1.14		Half coverage		-	-
Sm_t00012407-RA	chitinase	3.2.1.14				-	-
Sm_t00005273-RA	chitinase, chloroplastic	3.2.1.14				Plastid	-
Sm_t00013920-RA	chitinase, chloroplastic	3.2.1.14				Plastid	-
Sm_t00011322-RA	chlorophyll a-b binding domain-containing protein	-				-	-
Sm_t00003669-RA	chloroplast processing peptidase	3.4.21.89				-	-
Sm_t00005895-RA	chloroplast protein import component Tic22 family protein	-				-	-
Sm_t00007925-RA	cilia- and flagella-associated protein 20	-				-	-
Sm_t00006485-RA	citrate lyase subunit beta	4.1.3.6,4.1.3.34				-	-
Sm_t00001010-RA	CLC voltage-gated chloride channel, partial	-			Models should be merged	-	-
Sm_t00001011-RA	CLC voltage-gated chloride channel, partial	-			Models should be merged	-	-
Sm_t00001338-RA	cobalamin adenosyltransferase, mitochondrial	2.5.1.17				-	Mito
Sm_t00013992-RA	cobalamin biosynthesis CobD/CbiB family protein	-		But why the CbiZ domain? Salvage?	Check transcripts	-	-
Sm_t00017893-RA	cofactor assembly of complex C subunit B, chloroplastic	-		Half coverage		Plastid	-
Sm_t00020536-RA	cofactor assembly of complex C subunit B, chloroplastic	-		Half coverage		Plastid	-
Sm_t00000485-RA	cold shock domain-containing protein, chloroplastic	-				Plastid	-
Sm_t00017943-RA	cold shock domain-containing protein, mitochondrial	-		Half coverage		-	Mito
Sm_t00011234-RA	cold shock domain-containing protein, mitochondrial	-				-	Mito
Sm_t00001120-RA	complex I intermediate-associated protein 30	-				-	-
Sm_t00007082-RA	cupin domain-containing protein	-				-	-
Sm_t00005497-RA	cupin superfamily protein	-				-	-
Sm_t00008092-RA	cupin-like domain-containing protein	-				-	-
Sm_t00001848-RA	cyclin	-				-	-
Sm_t00003020-RA	cyclin	-				-	-
Sm_t00012672-RA	cyclin	-				-	-
Sm_t00004998-RA	cyclin-D1-binding protein 1	-				-	-
Sm_t00014073-RA	cysteine-rich secretory protein-related protein	-				-	-
Sm_t00017290-RA	cysteine-tRNA ligase, partial	6.1.1.16		Models should be merged		-	-
Sm_t00017291-RA	cysteine-tRNA ligase, partial	6.1.1.16		Models should be merged		-	-
Sm_t00022471-RA	cytochrome b5-like heme/steroid binding domain-containing protein	-				-	-
Sm_t00012624-RA	cytochrome c family protein	-				-	-
Sm_t00013054-RA	cytochrome P450 family 4 protein, chloroplastic	-				Plastid	-
Sm_t00013907-RA	cytochrome P450 family protein	-				-	-
Sm_t00000075-RA	D-3-phosphoglycerate dehydrogenase, mitochondrial	1.1.1.95				-	Mito
Sm_t00012296-RA	DDB1- and CUL4-associated factor 13	-		Half coverage		-	-
Sm_t00014515-RA	DDB1- and CUL4-associated factor 13	-		Half coverage		-	-
Sm_t00014016-RA	DEAD/DEAH box helicase	3.6.4.-		.12 (DNA) or .13 (RNA)?		-	-
Sm_t00009764-RA	DEAD/DEAH-box-containing ATP-dependent RNA helicase	3.6.4.13				-	-
Sm_t00020843-RA	DEAD/DEAH-box-containing ATP-dependent RNA helicase	3.6.4.13				-	-
Sm_t00008473-RA	DEAD/DEAH-box-containing ATP-dependent RNA helicase, chloroplastic	3.6.4.13				-	-
Sm_t00008137-RA	dehydrodolichyl diphosphate synthase	2.5.1.87				-	-
Sm_t00009606-RA	DENN domain-containing protein	-				-	-
Sm_t00004609-RA	Der1-like family protein	-				-	-
Sm_t00010809-RA	Der1-like family protein	-				-	-
Sm_t00011109-RA	dienelactone hydrolase family protein	3.1.-.-		Check EC?		-	-
Sm_t00011978-RA	dimethyladenosine transferase	2.1.1.-				-	-
Sm_t00002293-RA	diphthine synthase	2.1.1.98				-	-
Sm_t00004962-RA	discoidin domain-containing protein, mitochondrial	-				-	Mito
Sm_t00002022-RA	DNA gyrase subunit A	5.6.2.2		Half coverage		-	-
Sm_t00000830-RA	DNA repair REX1-B family protein	-				-	-
Sm_t00003348-RA	DNA-directed RNA polymerase	2.7.7.6				-	-
Sm_t00008467-RA	DNA-directed RNA polymerase I subunit RPA1	2.7.7.6				-	-
Sm_t00004926-RA	DNA-directed RNA polymerase I subunit RPA2	2.7.7.6				-	-
Sm_t00000729-RA	DNA-directed RNA polymerase I subunit RPA49	-				-	-
Sm_t00012333-RA	DNA-directed RNA polymerase II subunit RPB11	-		Half coverage		-	-
Sm_t00009753-RA	DNA-directed RNA polymerases I and III subunit RPAC2	-		May need to triple-check this		-	-
Sm_t00011782-RA	DNA-directed RNA polymerases I, II, and III subunit RPABC4	-				-	-
Sm_t00006636-RA	DNA-directed RNA polymerases I, II, and III subunit RPABC5	-				-	-
Sm_t00013152-RA	DNA2/NAM7 family helicase	3.6.4.12				-	-
Sm_t00001913-RA	DnaJ domain-containing protein	-				-	-
Sm_t00011323-RA	DnaJ domain-containing protein	-				-	-
Sm_t00004259-RA	DnaJ domain-containing protein	-				-	-
Sm_t00006154-RA	DnaJ domain-containing protein	-				-	-
Sm_t00010780-RA	DnaJ domain-containing protein	-				-	-
Sm_t00021044-RA	DnaJ domain-containing protein	-				-	-
Sm_t00007844-RA	drug/metabolite transporter (DMT) family transporter	-				-	-
Sm_t00007330-RA	dTDP-D-glucose 4,6-dehydratase	4.2.1.46				-	-
Sm_t00004909-RA	DTW domain-containing protein, chloroplastic	-				Plastid	-
Sm_t00001952-RA	dual specificity protein phosphatase	3.1.3.16,3.1.3.48				-	-
Sm_t00002191-RA	DUF1279 domain-containing protein, chloroplastic	-				Plastid	-
Sm_t00003300-RA	DUF1295 domain-containing protein	-				-	-
Sm_t00014229-RA	DUF1971 domain-containing protein, chloroplastic	-				Plastid	-
Sm_t00014147-RA	DUF2039 domain-containing protein	-				-	-
Sm_t00001866-RA	DUF2373 domain-containing protein	-				-	-
Sm_t00007094-RA	DUF2431 domain-containing protein	-				-	-
Sm_t00010173-RA	DUF285 domain-containing protein	-				-	-
Sm_t00010174-RA	DUF285 domain-containing protein	-				-	-
Sm_t00010712-RA	DUF285 domain-containing protein	-				-	-
Sm_t00013118-RA	DUF285 domain-containing protein	-				-	-
Sm_t00017265-RA	DUF285 domain-containing protein	-				-	-
Sm_t00006683-RA	DUF3172 domain-containing protein	-				-	-
Sm_t00005836-RA	DUF3605 domain-containing protein	-				-	-
Sm_t00015608-RA	DUF4239 domain-containing protein	-		Half coverage		-	-
Sm_t00015673-RA	DUF4239 domain-containing protein	-		Half coverage		-	-
Sm_t00008952-RA	DUF4395 domain-containing protein	-				-	-
Sm_t00005568-RA	DUF72 domain-containing protein	-				-	-
Sm_t00001759-RA	DUF829 domain-containing protein	-				-	-
Sm_t00014318-RA	DUF839 domain-containing protein	-				-	-
Sm_t00019968-RA	DUF839 domain-containing protein	-				-	-
Sm_t00007883-RA	dynein light chain	-				-	-
Sm_t00000744-RA	EH domain-containing protein	-				-	-
Sm_t00014554-RA	elongation factor G, mitochondrial	-				-	Mito
Sm_t00004902-RA	elongation factor Tu, mitochondrial	-				-	Mito
Sm_t00003654-RA	elongation factor TypA-like protein	-				-	-
Sm_t00011351-RA	elongation of very long chain fatty acids protein	2.3.1.199		Model should be split	Other half - predicted protein	-	-
Sm_t00003996-RA	elongator complex protein 2	-				-	-
Sm_t00008387-RA	endonuclease MutS2 family protein, chloroplastic	3.1.-.-				Plastid	-
Sm_t00008065-RA	endoplasmic reticulum chaperone BiP	3.6.4.10				-	-
Sm_t00000945-RA	endoplasmic reticulum vesicle transporter	-				-	-
Sm_t00005950-RA	ERD1 family protein	-				-	-
Sm_t00007317-RA	ethanolamine-phosphate cytidylyltransferase	2.7.7.14				-	-
Sm_t00019844-RA	ethylbenzene dehydrogenase-related protein	-				-	-
Sm_t00000764-RA	eukaryotic peptide chain release factor subunit 1	-				-	-
Sm_t00001331-RA	eukaryotic translation initiation factor 1A	-				-	-
Sm_t00013016-RA	eukaryotic translation initiation factor 1B	-				-	-
Sm_t00009586-RA	eukaryotic translation initiation factor 2 alpha subunit	-				-	-
Sm_t00020486-RA	eukaryotic translation initiation factor 2 beta subunit	-				-	-
Sm_t00001615-RA	eukaryotic translation initiation factor 2D-like protein	-				-	-
Sm_t00004485-RA	eukaryotic translation initiation factor 3 subunit B	-				-	-
Sm_t00000060-RA	eukaryotic translation initiation factor 3 subunit C	-				-	-
Sm_t00013213-RA	eukaryotic translation initiation factor 3 subunit E	-				-	-
Sm_t00016946-RA	eukaryotic translation initiation factor 3 subunit G	-				-	-
Sm_t00005956-RA	eukaryotic translation initiation factor 3 subunit H	-				-	-
Sm_t00002157-RA	eukaryotic translation initiation factor 3 subunit I	-				-	-
Sm_t00010840-RA	eukaryotic translation initiation factor 4 gamma	-				-	-
Sm_t00014550-RA	eukaryotic translation initiation factor 4A	3.6.4.13		Helicase 45?		-	-
Sm_t00010634-RA	eukaryotic translation initiation factor 4B-related RNA-binding protein	-		Half coverage		-	-
Sm_t00012982-RA	eukaryotic translation initiation factor 4B-related RNA-binding protein	-		Half coverage		-	-
Sm_t00001981-RA	eukaryotic translation initiation factor 4E	-				-	-
Sm_t00005457-RA	eukaryotic translation initiation factor 5	-				-	-
Sm_t00005795-RA	exosome RNA helicase MTR4	3.6.4.13		1/3 coverage		-	-
Sm_t00007310-RA	exosome RNA helicase MTR4	3.6.4.13		2/3 coverage		-	-
Sm_t00016488-RA	FAD-dependent oxidoreductase	1.-.-.-				-	-
Sm_t00010463-RA	FAD/FMN-containing dehydrogenase	1.-.-.-		More specific?		-	-
Sm_t00007562-RA	fatty acid desaturase	1.14.19.-				-	-
Sm_t00012191-RA	fatty acid desaturase, chloroplastic	1.14.19.-				-	-
Sm_t00000348-RA	Fcf2 pre-rRNA processing family protein	-				-	-
Sm_t00014340-RA	flavin-binding monooxygenase-like protein	-				-	-
Sm_t00000263-RA	fructose-1,6-bisphosphatase, chloroplastic	3.1.3.11				Plastid	-
Sm_t00016580-RA	G8 domain-containing protein	-				-	-
Sm_t00010984-RA	GABA-B receptor	-				-	-
Sm_t00008998-RA	GABA-B receptor	-				-	-
Sm_t00018633-RA	GDP-L-fucose synthase	1.1.1.271				-	-
Sm_t00020524-RA	GDP-mannose 4,6-dehydratase	4.2.1.47		Half coverage		-	-
Sm_t00022495-RA	GDP-mannose 4,6-dehydratase	4.2.1.47				-	-
Sm_t00007422-RA	Gdt1 family transmembrane protein, chloroplastic	-				Plastid	-
Sm_t00005219-RA	glucosamine-fructose-6-phosphate aminotransferase (isomerizing), mitochondrial	2.6.1.16				-	Mito
Sm_t00008896-RA	glutamine amidotransferase, class-II, chloroplastic	-		More specific?		Plastid	-
Sm_t00014239-RA	glutaminyl-peptide cyclotransferase	2.3.2.5				-	-
Sm_t00014595-RA	glutaredoxin-3	-				-	-
Sm_t00013006-RA	glutaredoxin, chloroplastic	-				Plastid	-
Sm_t00008267-RA	glutathione reductase	1.8.1.7				-	-
Sm_t00002577-RA	glycerol-3-phosphate dehydrogenase (NAD+), chloroplastic	1.1.1.8				Plastid	-
Sm_t00015721-RA	glycerophosphodiester phosphodiesterase family protein, mitochondrial	3.1.4.-				-	Mito
Sm_t00002937-RA	glycine-tRNA ligase, chloroplastic	6.1.1.14				Plastid	-
Sm_t00012154-RA	glycogenin-2	2.4.1.186				-	-
Sm_t00005829-RA	glycosyl hydrolase 5 (cellulase A) family protein	3.2.1.-				-	-
Sm_t00014242-RA	glycosyl hydrolase family 16 protein	-				-	-
Sm_t00014466-RA	glycosyl hydrolase family 18 protein	-		Weird coverage		-	-
Sm_t00012433-RA	glycosyltransferase (family 2)	2.4.-.-				-	-
Sm_t00007679-RA	glycosyltransferase (family 90)	-				-	-
Sm_t00004461-RA	glycosyltransferase (family 90)	2.4.2.-				-	-
Sm_t00007680-RA	glycosyltransferase (family 90), chloroplastic	-				Plastid	-
Sm_t00009893-RA	glycosyltransferase (family 90), partial	-		Very truncated model		-	-
Sm_t00000720-RA	glycosyltransferase family protein	-				-	-
Sm_t00000867-RA	GMP synthase	6.3.5.2				-	-
Sm_t00013517-RA	GPI mannosyltransferase 2	2.4.1.-				-	-
Sm_t00003127-RA	GTP-binding protein	-				-	-
Sm_t00014567-RA	GTP-binding protein	-				-	-
Sm_t00008225-RA	GTP-binding protein, EngB-like	-				-	-
Sm_t00006122-RA	GTP-binding protein, GNL3/Grn1 family	-				-	-
Sm_t00007331-RA	GTPase Era, mitochondrial	-				-	Mito
Sm_t00002521-RA	guanine nucleotide-binding protein subunit beta-like protein					-	-
Sm_t00016911-RA	H/ACA ribonucleoprotein complex subunit 1	-				-	-
Sm_t00004406-RA	haloacid dehalogenase family hydrolase	3.1.3.-				-	-
Sm_t00007525-RA	haloacid dehalogenase family phosphatase	3.1.3.-				-	-
Sm_t00005898-RA	heat shock factor family protein	-				-	-
Sm_t00011319-RA	heat shock factor family protein	-				-	-
Sm_t00013159-RA	heat shock factor family protein	-				-	-
Sm_t00016953-RA	heat shock factor family protein	-				-	-
Sm_t00003743-RA	heat shock factor family protein, partial	-		Model is very truncated	Weird coverage	-	-
Sm_t00018119-RA	heat shock protein 70 family protein	-				-	-
Sm_t00001473-RA	heat shock protein 70 family protein, mitochondrial	-				-	Mito
Sm_t00001037-RA	heat shock protein 90 family protein	-				-	-
Sm_t00000507-RA	heat shock protein 90 family protein, chloroplastic	-				Plastid	-
Sm_t00001173-RA	heat shock protein Hsp33, chloroplastic/mitochondrial	-				Plastid	Mito
Sm_t00016328-RA	HGH1 family protein	-				-	-
Sm_t00005994-RA	HI0933-like protein	-				-	-
Sm_t00005192-RA	high mobility group protein	-				-	-
Sm_t00000479-RA	histidine-tRNA ligase, mitochondrial	6.1.1.21				-	-
Sm_t00008019-RA	histidinol-phosphate aminotransferase	2.6.1.9				-	-
Sm_t00003220-RA	homeobox domain-containing protein	-				-	-
Sm_t00013300-RA	homeobox domain-containing protein	-				-	-
Sm_t00008457-RA	HPP family transmembrane protein	-				-	-
Sm_t00005925-RA	Hsp70/Hsp90 co-chaperone	-				-	-
Sm_t00000555-RA	hypothetical methyltransferase	-				-	-
Sm_t00012239-RA	hypoxia-inducible factor 1 alpha inhibitor-related protein	-				-	-
Sm_t00010573-RA	imidazole glycerol phosphate synthase HisHF	3.5.1.2,4.3.2.10		Check EC nos.		-	-
Sm_t00009374-RA	imidazoleglycerol-phosphate dehydratase	4.2.1.19				-	-
Sm_t00011819-RA	IMPACT family protein	-				-	-
Sm_t00014196-RA	indole-3-glycerol phosphate synthase, chloroplastic	4.1.1.48				Plastid	-
Sm_t00000828-RA	inosine-5'-monophosphate dehydrogenase	1.1.1.205				-	-
Sm_t00003119-RA	inositol monophosphatase	3.1.3.25				-	-
Sm_t00007478-RA	inositol polyphosphate 1-phosphatase	3.1.3.57				-	-
Sm_t00004870-RA	inositol polyphosphate 5-phosphatase	3.1.3.56				-	-
Sm_t00014899-RA	inositol-1-monophosphatase, chloroplastic	3.1.3.25				Plastid	-
Sm_t00004199-RA	ion transport protein	-		Model should be split	3' end VERY high coverage	-	-
Sm_t00005368-RA	iron transporter	-				-	-
Sm_t00011022-RA	isoleucine-tRNA ligase	6.1.1.5				-	-
Sm_t00003672-RA	isopentenyl-diphosphate delta-isomerase, mitochondrial	5.3.3.2				-	Mito
Sm_t00004878-RA	JmjC domain-containing protein	-				-	-
Sm_t00003882-RA	K(+) efflux antiporter	-		Chloroplastic?		-	-
Sm_t00003054-RA	kinesin family protein	-				-	-
Sm_t00000365-RA	KRI1 family protein	-				-	-
Sm_t00009371-RA	KRR1 small subunit processome component	-				-	-
Sm_t00006306-RA	kynurenine 3-monooxygenase-like protein	1.14.13.1		Half coverage		-	-
Sm_t00001957-RA	L-aminoadipate-semialdehyde dehydrogenase-phosphopantetheinyl transferase	2.7.8.7				-	-
Sm_t00007418-RA	L-ascorbate peroxidase	1.11.1.11	ok			-	-
Sm_t00018141-RA	L-aspartate oxidase, mitochondrial	1.4.3.16				-	Mito
Sm_t00001499-RA	leishmanolysin-like peptidase (family M8)	3.4.24.-				-	-
Sm_t00000653-RA	leucine-rich repeat domain-containing protein	-				-	-
Sm_t00010991-RA	leucine-rich repeat domain-containing protein	-				-	-
Sm_t00018639-RA	leucine-rich repeat domain-containing protein	-				-	-
Sm_t00000871-RA	leucine-rich repeat domain-containing protein	-				-	-
Sm_t00002518-RA	leucine-rich repeat domain-containing protein	-				-	-
Sm_t00017676-RA	leucine-rich repeat domain-containing protein	-				-	-
Sm_t00021963-RA	leucine-rich repeat domain-containing protein	-				-	-
Sm_t00002825-RA	leucine-rich repeat protein	-				-	-
Sm_t00004992-RA	leucine-rich repeat protein	-				-	-
Sm_t00008819-RA	leucine-rich repeat protein	-				-	-
Sm_t00011418-RA	leucine-rich repeat receptor-like protein kinase	2.7.11.1				-	-
Sm_t00012225-RA	leucine-rich repeat receptor-like protein kinase	2.7.11.1				-	-
Sm_t00001189-RA	leucine-tRNA ligase	6.1.1.4				-	-
Sm_t00016952-RA	leucine-tRNA ligase, chloroplastic	6.1.1.4				Plastid	-
Sm_t00011467-RA	lipid droplet-associated hydrolase	3.1.1.-				-	-
Sm_t00007620-RA	lipopolysaccharide-modifying enzyme	-				-	-
Sm_t00009276-RA	lipopolysaccharide-modifying enzyme	-				-	-
Sm_t00003623-RA	lipopolysaccharide-modifying protein	-				-	-
Sm_t00007960-RA	lipoyl synthase, chloroplastic	2.8.1.8				Plastid	-
Sm_t00011591-RA	lipoyl/octanoyl transferase	2.3.1.181		Half coverage region		-	-
Sm_t00001985-RA	LL-diaminopimelate aminotransferase, chloroplastic	2.6.1.83				-	-
Sm_t00010708-RA	LMBR1-like membrane protein, partial	-		Models should be merged		-	-
Sm_t00007314-RA	Lon protease homolog, mitochondrial	3.4.21.53				-	Mito
Sm_t00013856-RA	Lon-like domain-containing protein, chloroplastic	-				Plastid	-
Sm_t00005915-RA	long-chain fatty acid CoA synthetase, chloroplastic	6.2.1.3				Plastid	-
Sm_t00014141-RA	low temperature viability protein Ltv1	-				-	-
Sm_t00003289-RA	lycopene cyclase, chloroplastic	5.5.1.19				Plastid	-
Sm_t00008240-RA	lysine methyltransferase	2.1.1.-				-	-
Sm_t00011488-RA	lysine-tRNA ligase	6.1.1.6				-	-
Sm_t00011287-RA	lytic polysaccharide monooxygenase	1.14.99.-		Possibly cellulose degrading		-	-
Sm_t00010354-RA	M14 family carboxypeptidase	3.4.17.-				-	-
Sm_t00005654-RA	macrolide-efflux protein	-				-	-
Sm_t00017888-RA	mannose-6-phosphate isomerase	5.3.1.8		Half coverage		-	-
Sm_t00020541-RA	mannose-6-phosphate isomerase	5.3.1.8		Half coverage		-	-
Sm_t00000806-RA	mannosyl-oligosaccharide alpha-1,2-mannosidase, partial	3.2.1.113		Models should be merged		-	-
Sm_t00007878-RA	MAP3K-like serine/threonine kinase	2.7.11.-		Model should be split		-	-
Sm_t00011361-RA	Mediator complex subunit 21	-				-	-
Sm_t00013166-RA	metacaspase	3.4.22.-				-	-
Sm_t00011643-RA	metalloendopeptidase OMA1, mitochondrial	3.4.24.-				-	Mito
Sm_t00008027-RA	metallopeptidase (family M50)	3.4.24.-				-	-
Sm_t00000708-RA	methionine aminopeptidase	3.4.11.18				-	-
Sm_t00012197-RA	methionine-tRNA ligase, chloroplastic/mitochondrial	6.1.1.10		Model should be split	Other half - predicted protein?	Plastid	Mito
Sm_t00001212-RA	methylenetetrahydrofolate dehydrogenase	1.5.1.15		Maybe bifunctional?		-	-
Sm_t00012096-RA	methyltransferase	2.1.1.-				-	-
Sm_t00000896-RA	methyltransferase	2.1.1.-				-	-
Sm_t00001582-RA	methyltransferase	2.1.1.-				-	-
Sm_t00022474-RA	methyltransferase	2.1.1.-				-	-
Sm_t00002078-RA	methyltransferase	2.1.1.-				-	-
Sm_t00001801-RA	methyltransferase domain-containing protein	-				-	-
Sm_t00011739-RA	methyltransferase domain-containing protein	-				-	-
Sm_t00002430-RA	methyltransferase, chloroplastic	2.1.1.-				Plastid	-
Sm_t00002566-RA	MFS transporter	-				-	-
Sm_t00003299-RA	MFS transporter	-				-	-
Sm_t00006640-RA	MFS transporter	-		Model should be split		-	-
Sm_t00017677-RA	MFS transporter	-				-	-
Sm_t00002575-RA	mitochondrial carrier protein	-		Mitochondrial?		-	-
Sm_t00012388-RA	mitochondrial carrier protein	-		Model should be split	Mitochondrial?	-	-
Sm_t00007206-RA	mitochondrial carrier protein	-		Half coverage		-	-
Sm_t00003216-RA	mitochondrial carrier protein	-				-	-
Sm_t00003849-RA	mitochondrial carrier protein	-				-	-
Sm_t00018160-RA	mitochondrial carrier protein	-		Weird coverage		-	-
Sm_t00002358-RA	MKI67 FHA domain-interacting nucleolar phosphoprotein	-				-	-
Sm_t00013235-RA	molybdenum cofactor biosynthesis protein, mitochondrial	4.1.99.22				-	Mito
Sm_t00017256-RA	Mpv17/PMP22 family protein	-				-	-
Sm_t00011497-RA	Mpv17/PMP22 family protein, chloroplastic	-				Plastid	-
Sm_t00012275-RA	MRG family protein	-		Half coverage		-	-
Sm_t00014494-RA	MRG family protein	-		Half coverage		-	-
Sm_t00014636-RA	Mss4-like superfamily protein	-				-	-
Sm_t00007019-RA	multicopper oxidase family protein	-				-	-
Sm_t00011256-RA	multidrug and toxic compound extrusion (MATE) family protein	-				-	-
Sm_t00017919-RA	multidrug and toxic compound extrusion (MATE) family protein	-		Half coverage		-	-
Sm_t00011500-RA	multidrug and toxic compound extrusion (MATE) family protein	-				-	-
Sm_t00003581-RA	multidrug resistance-associated protein	-			Check family	-	-
Sm_t00004161-RA	multiprotein-bridging factor 1, partial	-		Models should be merged		-	-
Sm_t00011363-RA	N-acetylglucosamine-induced protein 1 family protein	-				-	-
Sm_t00000905-RA	N-acetyltransferase	2.3.1.-				-	-
Sm_t00005616-RA	N-terminal acetyltransferase A, auxiliary subunit	-				-	-
Sm_t00003531-RA	NAD(P)H-dependent oxidoreductase, mitochondrial	1.-.-.-				-	Mito
Sm_t00008614-RA	NADH dehydrogenase family protein	-		Model should be split		-	-
Sm_t00002013-RA	NADPH oxidase	1.6.3.-				-	-
Sm_t00006092-RA	neurotransmitter-gated ion channel superfamily protein	-				-	-
Sm_t00010124-RA	NFYB/HAP3 family transcription factor subunit	-				-	-
Sm_t00002600-RA	nickel insertion protein	4.99.1.12		pyridinium-3,5-bisthiocarboxylic acid mononucleotide nickel insertion protein?		-	-
Sm_t00006508-RA	nicotinate-nucleotide pyrophosphorylase (carboxylating)	2.4.2.19				-	-
Sm_t00007514-RA	nitroreductase family protein	1.-.-.-				-	-
Sm_t00006480-RA	notchless-like protein	-				-	-
Sm_t00010801-RA	nuclear transport factor 2 family protein	-				-	-
Sm_t00009919-RA	nucleolar complex protein 2, partial	-		Models should be merged		-	-
Sm_t00009920-RA	nucleolar complex protein 2, partial	-		Models should be merged		-	-
Sm_t00006171-RA	nucleolar complex protein 4	-				-	-
Sm_t00008088-RA	nucleolar GTP-binding protein 1	-				-	-
Sm_t00007663-RA	nucleolar GTP-binding protein 2	-				-	-
Sm_t00005122-RA	nucleolar pre-ribosomal-associated protein 1	-				-	-
Sm_t00004572-RA	nucleolar protein 10	-		Model needs serious work		-	-
Sm_t00014129-RA	nucleolar protein 14	-				-	-
Sm_t00002365-RA	nucleolar protein 56	-				-	-
Sm_t00001076-RA	nucleolar protein 58	-				-	-
Sm_t00007774-RA	nucleolar protein 7	-		Synonym - 'Ribosomal RNA-processing protein 13'		-	-
Sm_t00003814-RA	nucleolar RNA-associated protein	-				-	-
Sm_t00003712-RA	nucleotide exchange factor GrpE, mitochondrial	-				-	Mito
Sm_t00009616-RA	nucleotide-sugar transporter	-				-	-
Sm_t00001939-RA	nucleotide-sugar transporter	-				-	-
Sm_t00003369-RA	nucleotide-sugar transporter	-				-	-
Sm_t00006616-RA	nudix hydrolase	3.6.1.-				-	-
Sm_t00001290-RA	octanoyltransferase	2.3.1.181		Half coverage region		-	-
Sm_t00017229-RA	omega-6 fatty acid desaturase, chloroplastic	1.14.19.23				Plastid	-
Sm_t00008738-RA	oxygen-independent coproporphyrinogen III oxidase	1.3.98.3		May want to triple-check this		-	-
Sm_t00003292-RA	patatin-like phospholipase domain-containing protein	-				-	-
Sm_t00007018-RA	patatin-like phospholipase domain-containing protein, chloroplastic	-				Plastid	-
Sm_t00008829-RA	pentatricopeptide repeat protein	-				-	-
Sm_t00000719-RA	pentatricopeptide repeat-containing protein	-				-	-
Sm_t00004229-RA	pentatricopeptide repeat-containing protein	-				-	-
Sm_t00000381-RA	pentatricopeptide repeat-containing protein	-				-	-
Sm_t00018443-RA	pentatricopeptide repeat-containing protein, chloroplastic	-				Plastid	-
Sm_t00003739-RA	pentatricopeptide repeat-containing protein, chloroplastic	-				Plastid	-
Sm_t00000262-RA	pentatricopeptide repeat-containing protein, mitochondrial	-				-	Mito
Sm_t00010288-RA	peptidase S49 family protein	-				-	-
Sm_t00008605-RA	peptide chain release factor	-		Possibly organellar...?		-	-
Sm_t00009426-RA	peptide chain release factor 3, chloroplastic	-				Plastid	-
Sm_t00013450-RA	peptide deformylase, mitochondrial	3.5.1.88				-	Mito
Sm_t00002707-RA	peptide methionine sulfoxide reductase, chloroplastic	1.8.4.11				Plastid	-
Sm_t00013889-RA	peptide methionine sulfoxide reductase, partial	1.8.4.11		Protein repair		-	-
Sm_t00010885-RA	peptidyl-prolyl cis-trans isomerase	5.2.1.8				-	-
Sm_t00000455-RA	peptidyl-prolyl cis-trans isomerase, cyclophilin type	5.2.1.8				-	-
Sm_t00013030-RA	peptidyl-prolyl cis-trans isomerase, cyclophilin type	5.2.1.8				-	-
Sm_t00002054-RA	peptidyl-prolyl cis-trans isomerase, FKBP type, chloroplastic	5.2.1.8				Plastid	-
Sm_t00009424-RA	periodic tryptophan protein 1	-				-	-
Sm_t00017272-RA	peroxiredoxin, BCP subfamily	1.11.1.24				-	-
Sm_t00019185-RA	peroxisomal adenine nucleotide transporter	-				-	-
Sm_t00006982-RA	peroxisomal membrane protein 4	-				-	-
Sm_t00004856-RA	peroxisomal targeting signal 1 receptor family protein	-				-	-
Sm_t00014160-RA	PHB depolymerase family esterase	3.1.-.-				-	-
Sm_t00000640-RA	phenylalanine-tRNA ligase alpha subunit	6.1.1.20				-	-
Sm_t00011407-RA	phosphoglycerate mutase family protein	-				-	-
Sm_t00001324-RA	phosphoinositide-specific phospholipase C domain-containing protein	-				-	-
Sm_t00000790-RA	phosphomannomutase	5.4.2.8				-	-
Sm_t00006697-RA	phosphoribosylformylglycinamidine synthase	6.3.5.3				-	-
Sm_t00002971-RA	phosphoserine aminotransferase, mitochondrial	2.6.1.52				-	Mito
Sm_t00003182-RA	phosphoserine phosphatase, mitochondrial	3.1.3.3				-	Mito
Sm_t00011295-RA	phytanoyl-CoA dioxygenase family protein	-				-	-
Sm_t00012874-RA	phytanoyl-CoA dioxygenase family protein	-				-	-
Sm_t00006029-RA	phytanoyl-CoA dioxygenase family protein	-				-	-
Sm_t00001584-RA	phytanoyl-CoA dioxygenase family protein, mitochondrial	-				-	Mito
Sm_t00004732-RA	phytochelatin synthase	2.3.2.15				-	-
Sm_t00002876-RA	phytoene dehydrogenase-related protein, chloroplastic	1.-.-.-		More specific?		Plastid	-
Sm_t00016519-RA	PIN domain-containing protein, chloroplastic	-				Plastid	-
Sm_t00011597-RA	pirin family protein, chloroplastic	1.13.11.24		Half coverage region	Check EC?	Plastid	-
Sm_t00001284-RA	pirin family protein, chloroplastic	1.13.11.24		Half coverage region	Check EC?	Plastid	-
Sm_t00011832-RA	poly(A) polymerase-related protein	-				-	-
Sm_t00010674-RA	polycomb protein EED	-				-	-
Sm_t00000794-RA	polyribonucleotide nucleotidyltransferase, chloroplastic	2.7.7.8				-	-
Sm_t00006142-RA	possible 2OG-Fe(II) oxygenase domain-containing protein			No conserved domains		-	-
Sm_t00010406-RA	possible apoptosis-inducing factor	-				-	-
Sm_t00022477-RA	possible bifunctional dTDP-4-dehydrorhamnose 3,5-epimerase/dTDP-4-dehydrorhamnose reductase	1.1.1.133,5.1.3.13				-	-
Sm_t00007617-RA	possible calcium-dependent phosphate channel protein	-				-	-
Sm_t00013949-RA	possible diphthamide biosynthesis protein 3	-				-	-
Sm_t00005906-RA	possible epimerase-related protein	-				-	-
Sm_t00001878-RA	possible FAM207/SLX9 family protein	-				-	-
Sm_t00004499-RA	possible galactosyltransferase, chloroplastic			No conserved domains		Plastid	-
Sm_t00008969-RA	possible glutamine amidotransferase, class II, partial	-		Models should be merged		-	-
Sm_t00011453-RA	possible guanidinoacetate N-methyltransferase family protein	2.1.1.-				-	-
Sm_t00010258-RA	possible intermembrane transport protein PqiA-like protein	-				-	-
Sm_t00002913-RA	possible isoprenylcysteine carboxylmethyltransferase family protein	-				-	-
Sm_t00002421-RA	possible lysine-tRNA ligase	-				-	-
Sm_t00011197-RA	possible mitochondrial ribonuclease P catalytic subunit	3.1.26.5		No mito signal?		-	-
Sm_t00010178-RA	possible non-ribosomal peptide synthetase	-				-	-
Sm_t00011254-RA	possible nucleolar protein 6	-				-	-
Sm_t00010802-RA	possible nucleolar protein 9	-				-	-
Sm_t00000349-RA	possible p21-activated protein kinase-interacting protein 1-related protein	-				-	-
Sm_t00001448-RA	possible peptidyl serine alpha-galactosyltransferase	-		Weird coverage		-	-
Sm_t00010873-RA	possible pre-rRNA-processing protein Ipi1	-				-	-
Sm_t00006046-RA	possible ribosome-binding factor A	-				-	-
Sm_t00015034-RA	possible RNA demethylase ALKBH9B-like protein	1.14.11.53				-	-
Sm_t00012248-RA	possible sterol regulatory element-binding protein	-		Weird coverage		-	-
Sm_t00012246-RA	possible sterol regulatory element-binding protein, partial	-			Models should be merged	-	-
Sm_t00012247-RA	possible sterol regulatory element-binding protein, partial	-		Weird coverage	Models should be merged	-	-
Sm_t00007841-RA	possible U3 small nucleolar ribonucleoprotein protein IMP3	-		Check this; conflicts with ThaPse annot.	Could also be a ribosomal protein	-	-
Sm_t00013229-RA	possible WD repeat-containing protein 75	-		But no WD repeats reported by CDD		-	-
Sm_t00000894-RA	PQ-loop repeat-containing protein					-	-
Sm_t00000730-RA	pre-rRNA 2'-O-ribose RNA methyltransferase	2.1.1.-				-	-
Sm_t00020196-RA	pre-rRNA-processing protein ESF1	-				-	-
Sm_t00007354-RA	pre-rRNA-processing protein PNO1-like protein	-				-	-
Sm_t00009576-RA	predicted AAA ATPase	-				-	-
Sm_t00019199-RA	predicted AAA ATPase	-				-	-
Sm_t00022482-RA	predicted ATPase	-		Merge with 6866?		-	-
Sm_t00001847-RA	predicted ATPase	-				-	-
Sm_t00001887-RA	predicted protein					-	-
Sm_t00001285-RA	predicted protein	-		Half coverage region		-	-
Sm_t00001288-RA	predicted protein	-		Half coverage region		-	-
Sm_t00001294-RA	predicted protein	-		Half coverage region		-	-
Sm_t00001295-RA	predicted protein	-		Half coverage region		-	-
Sm_t00003321-RA	predicted protein	-		Half coverage	Model needs serious work	-	-
Sm_t00003588-RA	predicted protein	-		Half coverage		-	-
Sm_t00003591-RA	predicted protein	-		Half coverage		-	-
Sm_t00003592-RA	predicted protein	-		Half coverage		-	-
Sm_t00006285-RA	predicted protein	-		1/3 coverage		-	-
Sm_t00006286-RA	predicted protein	-		1/3 coverage		-	-
Sm_t00006295-RA	predicted protein	-		1/3 coverage		-	-
Sm_t00007169-RA	predicted protein	-		Half coverage		-	-
Sm_t00011585-RA	predicted protein	-		Half coverage region		-	-
Sm_t00011588-RA	predicted protein	-		Half coverage region	Model should be split	-	-
Sm_t00011593-RA	predicted protein	-		Half coverage region		-	-
Sm_t00011596-RA	predicted protein	-		Half coverage region		-	-
Sm_t00015613-RA	predicted protein	-		Half coverage		-	-
Sm_t00015677-RA	predicted protein	-				-	-
Sm_t00017921-RA	predicted protein	-		Half coverage	Nucleolar protein 6?	-	-
Sm_t00017924-RA	predicted protein	-		Half coverage		-	-
Sm_t00020530-RA	predicted protein	-		Half coverage		-	-
Sm_t00000009-RA	predicted protein	-				-	-
Sm_t00000078-RA	predicted protein	-				-	-
Sm_t00000100-RA	predicted protein	-				-	-
Sm_t00000221-RA	predicted protein	-				-	-
Sm_t00000347-RA	predicted protein	-				-	-
Sm_t00000440-RA	predicted protein	-				-	-
Sm_t00000681-RA	predicted protein	-				-	-
Sm_t00000700-RA	predicted protein	-				-	-
Sm_t00000768-RA	predicted protein	-				-	-
Sm_t00000788-RA	predicted protein	-				-	-
Sm_t00000963-RA	predicted protein	-				-	-
Sm_t00000993-RA	predicted protein	-				-	-
Sm_t00001031-RA	predicted protein	-				-	-
Sm_t00001204-RA	predicted protein	-				-	-
Sm_t00001477-RA	predicted protein	-				-	-
Sm_t00001490-RA	predicted protein	-				-	-
Sm_t00001540-RA	predicted protein	-				-	-
Sm_t00001604-RA	predicted protein	-				-	-
Sm_t00001658-RA	predicted protein	-				-	-
Sm_t00001763-RA	predicted protein	-				-	-
Sm_t00001768-RA	predicted protein	-				-	-
Sm_t00001911-RA	predicted protein	-				-	-
Sm_t00002007-RA	predicted protein	-				-	-
Sm_t00002015-RA	predicted protein	-				-	-
Sm_t00002272-RA	predicted protein	-				-	-
Sm_t00002399-RA	predicted protein	-				-	-
Sm_t00002522-RA	predicted protein	-				-	-
Sm_t00002617-RA	predicted protein	-				-	-
Sm_t00002637-RA	predicted protein	-				-	-
Sm_t00002643-RA	predicted protein	-				-	-
Sm_t00002737-RA	predicted protein	-				-	-
Sm_t00002855-RA	predicted protein	-				-	-
Sm_t00002957-RA	predicted protein	-				-	-
Sm_t00003175-RA	predicted protein	-				-	-
Sm_t00003268-RA	predicted protein	-				-	-
Sm_t00003295-RA	predicted protein	-				-	-
Sm_t00003307-RA	predicted protein	-				-	-
Sm_t00003545-RA	predicted protein	-				-	-
Sm_t00003556-RA	predicted protein	-				-	-
Sm_t00003578-RA	predicted protein	-				-	-
Sm_t00003583-RA	predicted protein	-				-	-
Sm_t00003587-RA	predicted protein	-				-	-
Sm_t00003859-RA	predicted protein	-				-	-
Sm_t00003871-RA	predicted protein	-				-	-
Sm_t00003886-RA	predicted protein	-				-	-
Sm_t00004015-RA	predicted protein	-				-	-
Sm_t00004059-RA	predicted protein	-				-	-
Sm_t00004162-RA	predicted protein	-				-	-
Sm_t00004389-RA	predicted protein	-				-	-
Sm_t00004462-RA	predicted protein	-				-	-
Sm_t00004469-RA	predicted protein	-				-	-
Sm_t00004591-RA	predicted protein	-				-	-
Sm_t00004853-RA	predicted protein	-				-	-
Sm_t00004991-RA	predicted protein	-				-	-
Sm_t00005003-RA	predicted protein	-				-	-
Sm_t00005027-RA	predicted protein	-				-	-
Sm_t00005043-RA	predicted protein	-				-	-
Sm_t00005113-RA	predicted protein	-				-	-
Sm_t00005114-RA	predicted protein	-				-	-
Sm_t00005169-RA	predicted protein	-				-	-
Sm_t00005210-RA	predicted protein	-				-	-
Sm_t00005227-RA	predicted protein	-				-	-
Sm_t00005354-RA	predicted protein	-				-	-
Sm_t00005415-RA	predicted protein	-				-	-
Sm_t00005535-RA	predicted protein	-				-	-
Sm_t00005565-RA	predicted protein	-				-	-
Sm_t00005848-RA	predicted protein	-				-	-
Sm_t00005892-RA	predicted protein	-				-	-
Sm_t00006082-RA	predicted protein	-				-	-
Sm_t00006220-RA	predicted protein	-				-	-
Sm_t00006390-RA	predicted protein	-				-	-
Sm_t00006404-RA	predicted protein	-				-	-
Sm_t00006425-RA	predicted protein	-				-	-
Sm_t00006524-RA	predicted protein	-				-	-
Sm_t00006546-RA	predicted protein	-				-	-
Sm_t00006620-RA	predicted protein	-				-	-
Sm_t00006621-RA	predicted protein	-				-	-
Sm_t00006630-RA	predicted protein	-				-	-
Sm_t00006655-RA	predicted protein	-				-	-
Sm_t00006663-RA	predicted protein	-				-	-
Sm_t00006811-RA	predicted protein	-				-	-
Sm_t00006872-RA	predicted protein	-				-	-
Sm_t00006889-RA	predicted protein	-				-	-
Sm_t00006896-RA	predicted protein	-				-	-
Sm_t00006943-RA	predicted protein	-				-	-
Sm_t00007136-RA	predicted protein	-				-	-
Sm_t00007366-RA	predicted protein	-				-	-
Sm_t00007390-RA	predicted protein	-				-	-
Sm_t00007404-RA	predicted protein	-				-	-
Sm_t00007462-RA	predicted protein	-				-	-
Sm_t00007463-RA	predicted protein	-				-	-
Sm_t00007466-RA	predicted protein	-				-	-
Sm_t00007829-RA	predicted protein	-				-	-
Sm_t00007868-RA	predicted protein	-				-	-
Sm_t00007877-RA	predicted protein	-				-	-
Sm_t00008106-RA	predicted protein	-				-	-
Sm_t00008407-RA	predicted protein	-				-	-
Sm_t00008508-RA	predicted protein	-				-	-
Sm_t00008526-RA	predicted protein	-				-	-
Sm_t00008532-RA	predicted protein	-				-	-
Sm_t00008535-RA	predicted protein	-				-	-
Sm_t00008563-RA	predicted protein	-				-	-
Sm_t00008673-RA	predicted protein	-				-	-
Sm_t00008739-RA	predicted protein	-				-	-
Sm_t00008807-RA	predicted protein	-				-	-
Sm_t00008843-RA	predicted protein	-				-	-
Sm_t00008875-RA	predicted protein	-				-	-
Sm_t00008891-RA	predicted protein	-				-	-
Sm_t00009003-RA	predicted protein	-				-	-
Sm_t00009012-RA	predicted protein	-				-	-
Sm_t00009021-RA	predicted protein	-				-	-
Sm_t00009070-RA	predicted protein	-				-	-
Sm_t00009126-RA	predicted protein	-				-	-
Sm_t00009195-RA	predicted protein	-				-	-
Sm_t00009227-RA	predicted protein	-				-	-
Sm_t00009229-RA	predicted protein	-				-	-
Sm_t00009378-RA	predicted protein	-				-	-
Sm_t00009520-RA	predicted protein	-				-	-
Sm_t00009550-RA	predicted protein	-				-	-
Sm_t00009585-RA	predicted protein	-				-	-
Sm_t00009632-RA	predicted protein	-				-	-
Sm_t00009659-RA	predicted protein	-				-	-
Sm_t00009802-RA	predicted protein	-				-	-
Sm_t00009817-RA	predicted protein	-				-	-
Sm_t00009871-RA	predicted protein	-				-	-
Sm_t00009883-RA	predicted protein	-				-	-
Sm_t00009930-RA	predicted protein	-				-	-
Sm_t00009959-RA	predicted protein	-				-	-
Sm_t00009980-RA	predicted protein	-				-	-
Sm_t00010051-RA	predicted protein	-				-	-
Sm_t00010075-RA	predicted protein	-				-	-
Sm_t00010088-RA	predicted protein	-				-	-
Sm_t00010113-RA	predicted protein	-				-	-
Sm_t00010352-RA	predicted protein	-				-	-
Sm_t00010403-RA	predicted protein	-				-	-
Sm_t00010497-RA	predicted protein	-				-	-
Sm_t00010562-RA	predicted protein	-				-	-
Sm_t00010581-RA	predicted protein	-				-	-
Sm_t00010807-RA	predicted protein	-				-	-
Sm_t00010808-RA	predicted protein	-				-	-
Sm_t00010899-RA	predicted protein	-				-	-
Sm_t00011038-RA	predicted protein	-				-	-
Sm_t00011060-RA	predicted protein	-				-	-
Sm_t00011169-RA	predicted protein	-				-	-
Sm_t00011251-RA	predicted protein	-				-	-
Sm_t00011377-RA	predicted protein	-				-	-
Sm_t00011462-RA	predicted protein	-				-	-
Sm_t00011480-RA	predicted protein	-				-	-
Sm_t00011570-RA	predicted protein	-				-	-
Sm_t00011572-RA	predicted protein	-				-	-
Sm_t00011634-RA	predicted protein	-				-	-
Sm_t00011678-RA	predicted protein	-				-	-
Sm_t00011700-RA	predicted protein	-				-	-
Sm_t00011736-RA	predicted protein	-				-	-
Sm_t00011756-RA	predicted protein	-				-	-
Sm_t00011789-RA	predicted protein	-				-	-
Sm_t00011790-RA	predicted protein	-				-	-
Sm_t00011816-RA	predicted protein	-				-	-
Sm_t00011817-RA	predicted protein	-				-	-
Sm_t00011833-RA	predicted protein	-				-	-
Sm_t00012028-RA	predicted protein	-				-	-
Sm_t00012050-RA	predicted protein	-				-	-
Sm_t00012075-RA	predicted protein	-				-	-
Sm_t00012130-RA	predicted protein	-				-	-
Sm_t00012167-RA	predicted protein	-				-	-
Sm_t00012196-RA	predicted protein	-				-	-
Sm_t00012198-RA	predicted protein	-				-	-
Sm_t00012223-RA	predicted protein	-				-	-
Sm_t00012581-RA	predicted protein	-		Possible ribosomal protein importer		-	-
Sm_t00012732-RA	predicted protein	-				-	-
Sm_t00012800-RA	predicted protein	-				-	-
Sm_t00013029-RA	predicted protein	-				-	-
Sm_t00013051-RA	predicted protein	-				-	-
Sm_t00013112-RA	predicted protein	-				-	-
Sm_t00013164-RA	predicted protein	-				-	-
Sm_t00013309-RA	predicted protein	-				-	-
Sm_t00013316-RA	predicted protein	-				-	-
Sm_t00013365-RA	predicted protein	-				-	-
Sm_t00013475-RA	predicted protein	-				-	-
Sm_t00013502-RA	predicted protein	-				-	-
Sm_t00013882-RA	predicted protein	-				-	-
Sm_t00013898-RA	predicted protein	-				-	-
Sm_t00013900-RA	predicted protein	-				-	-
Sm_t00014006-RA	predicted protein	-				-	-
Sm_t00014096-RA	predicted protein	-				-	-
Sm_t00014211-RA	predicted protein	-				-	-
Sm_t00014220-RA	predicted protein	-				-	-
Sm_t00014231-RA	predicted protein	-				-	-
Sm_t00014416-RA	predicted protein	-				-	-
Sm_t00014563-RA	predicted protein	-				-	-
Sm_t00014589-RA	predicted protein	-				-	-
Sm_t00014608-RA	predicted protein	-				-	-
Sm_t00014742-RA	predicted protein	-				-	-
Sm_t00014765-RA	predicted protein	-				-	-
Sm_t00014930-RA	predicted protein	-				-	-
Sm_t00015457-RA	predicted protein	-		Check these loci; merge?		-	-
Sm_t00015458-RA	predicted protein	-		Check these loci; merge?		-	-
Sm_t00016323-RA	predicted protein	-				-	-
Sm_t00016934-RA	predicted protein	-				-	-
Sm_t00016974-RA	predicted protein	-				-	-
Sm_t00017257-RA	predicted protein	-				-	-
Sm_t00017296-RA	predicted protein	-				-	-
Sm_t00017302-RA	predicted protein	-				-	-
Sm_t00017634-RA	predicted protein	-				-	-
Sm_t00018112-RA	predicted protein	-				-	-
Sm_t00018417-RA	predicted protein	-				-	-
Sm_t00020246-RA	predicted protein	-				-	-
Sm_t00020247-RA	predicted protein	-				-	-
Sm_t00021541-RA	predicted protein	-				-	-
Sm_t00000067-RA	predicted protein	-				-	-
Sm_t00000068-RA	predicted protein	-				-	-
Sm_t00000080-RA	predicted protein	-				-	-
Sm_t00000217-RA	predicted protein	-				-	-
Sm_t00000372-RA	predicted protein	-				-	-
Sm_t00000405-RA	predicted protein	-				-	-
Sm_t00000424-RA	predicted protein	-				-	-
Sm_t00000481-RA	predicted protein	-				-	-
Sm_t00000622-RA	predicted protein	-				-	-
Sm_t00000623-RA	predicted protein	-				-	-
Sm_t00000628-RA	predicted protein	-				-	-
Sm_t00000770-RA	predicted protein	-				-	-
Sm_t00000801-RA	predicted protein	-				-	-
Sm_t00000803-RA	predicted protein	-				-	-
Sm_t00000904-RA	predicted protein	-				-	-
Sm_t00001138-RA	predicted protein	-				-	-
Sm_t00001203-RA	predicted protein	-				-	-
Sm_t00001215-RA	predicted protein	-				-	-
Sm_t00001225-RA	predicted protein	-				-	-
Sm_t00001292-RA	predicted protein	-		Half coverage region		-	-
Sm_t00001402-RA	predicted protein	-				-	-
Sm_t00001430-RA	predicted protein	-				-	-
Sm_t00001438-RA	predicted protein	-				-	-
Sm_t00001488-RA	predicted protein	-				-	-
Sm_t00001534-RA	predicted protein	-				-	-
Sm_t00001535-RA	predicted protein	-				-	-
Sm_t00001536-RA	predicted protein	-				-	-
Sm_t00001845-RA	predicted protein	-				-	-
Sm_t00001899-RA	predicted protein	-				-	-
Sm_t00001924-RA	predicted protein	-				-	-
Sm_t00001974-RA	predicted protein	-				-	-
Sm_t00002081-RA	predicted protein	-				-	-
Sm_t00002177-RA	predicted protein	-				-	-
Sm_t00002186-RA	predicted protein	-				-	-
Sm_t00002308-RA	predicted protein	-				-	-
Sm_t00002411-RA	predicted protein	-				-	-
Sm_t00002752-RA	predicted protein	-				-	-
Sm_t00002759-RA	predicted protein	-				-	-
Sm_t00002900-RA	predicted protein	-				-	-
Sm_t00002934-RA	predicted protein	-				-	-
Sm_t00003046-RA	predicted protein	-				-	-
Sm_t00003052-RA	predicted protein	-				-	-
Sm_t00003107-RA	predicted protein	-				-	-
Sm_t00003160-RA	predicted protein	-				-	-
Sm_t00003318-RA	predicted protein	-				-	-
Sm_t00003362-RA	predicted protein	-				-	-
Sm_t00003373-RA	predicted protein	-		Model should be removed		-	-
Sm_t00003390-RA	predicted protein	-				-	-
Sm_t00003537-RA	predicted protein	-				-	-
Sm_t00003547-RA	predicted protein	-				-	-
Sm_t00003830-RA	predicted protein	-				-	-
Sm_t00003884-RA	predicted protein	-				-	-
Sm_t00003959-RA	predicted protein	-				-	-
Sm_t00003979-RA	predicted protein	-				-	-
Sm_t00003991-RA	predicted protein	-				-	-
Sm_t00004055-RA	predicted protein	-				-	-
Sm_t00004065-RA	predicted protein	-				-	-
Sm_t00004066-RA	predicted protein	-				-	-
Sm_t00004072-RA	predicted protein	-				-	-
Sm_t00004428-RA	predicted protein	-				-	-
Sm_t00004493-RA	predicted protein	-				-	-
Sm_t00004504-RA	predicted protein	-				-	-
Sm_t00004613-RA	predicted protein	-				-	-
Sm_t00004634-RA	predicted protein	-				-	-
Sm_t00004672-RA	predicted protein	-				-	-
Sm_t00004801-RA	predicted protein	-				-	-
Sm_t00004821-RA	predicted protein	-				-	-
Sm_t00004832-RA	predicted protein	-				-	-
Sm_t00005092-RA	predicted protein	-				-	-
Sm_t00005134-RA	predicted protein	-				-	-
Sm_t00005522-RA	predicted protein	-				-	-
Sm_t00005525-RA	predicted protein	-				-	-
Sm_t00005534-RA	predicted protein	-				-	-
Sm_t00005547-RA	predicted protein	-				-	-
Sm_t00005841-RA	predicted protein	-				-	-
Sm_t00005963-RA	predicted protein	-				-	-
Sm_t00006004-RA	predicted protein	-				-	-
Sm_t00006081-RA	predicted protein	-				-	-
Sm_t00006148-RA	predicted protein	-				-	-
Sm_t00006161-RA	predicted protein	-				-	-
Sm_t00006166-RA	predicted protein	-				-	-
Sm_t00006642-RA	predicted protein	-				-	-
Sm_t00006938-RA	predicted protein	-				-	-
Sm_t00007027-RA	predicted protein	-				-	-
Sm_t00007122-RA	predicted protein	-				-	-
Sm_t00007124-RA	predicted protein	-				-	-
Sm_t00007227-RA	predicted protein	-				-	-
Sm_t00007267-RA	predicted protein	-				-	-
Sm_t00007364-RA	predicted protein	-				-	-
Sm_t00007472-RA	predicted protein	-				-	-
Sm_t00007857-RA	predicted protein	-				-	-
Sm_t00007886-RA	predicted protein	-				-	-
Sm_t00007937-RA	predicted protein	-				-	-
Sm_t00007982-RA	predicted protein	-				-	-
Sm_t00008010-RA	predicted protein	-				-	-
Sm_t00008245-RA	predicted protein	-				-	-
Sm_t00008249-RA	predicted protein	-				-	-
Sm_t00008250-RA	predicted protein	-				-	-
Sm_t00008460-RA	predicted protein	-				-	-
Sm_t00008468-RA	predicted protein	-				-	-
Sm_t00008515-RA	predicted protein	-				-	-
Sm_t00008531-RA	predicted protein	-				-	-
Sm_t00008534-RA	predicted protein	-				-	-
Sm_t00008740-RA	predicted protein	-				-	-
Sm_t00008759-RA	predicted protein	-				-	-
Sm_t00008808-RA	predicted protein	-				-	-
Sm_t00008810-RA	predicted protein	-				-	-
Sm_t00008867-RA	predicted protein	-				-	-
Sm_t00008876-RA	predicted protein	-				-	-
Sm_t00008894-RA	predicted protein	-				-	-
Sm_t00008937-RA	predicted protein	-				-	-
Sm_t00009105-RA	predicted protein	-				-	-
Sm_t00009167-RA	predicted protein	-				-	-
Sm_t00009182-RA	predicted protein	-				-	-
Sm_t00009413-RA	predicted protein	-				-	-
Sm_t00009524-RA	predicted protein	-				-	-
Sm_t00009527-RA	predicted protein	-				-	-
Sm_t00009545-RA	predicted protein	-				-	-
Sm_t00009663-RA	predicted protein	-				-	-
Sm_t00009688-RA	predicted protein	-				-	-
Sm_t00009765-RA	predicted protein	-				-	-
Sm_t00009804-RA	predicted protein	-				-	-
Sm_t00010078-RA	predicted protein	-				-	-
Sm_t00010153-RA	predicted protein	-				-	-
Sm_t00010225-RA	predicted protein	-				-	-
Sm_t00010356-RA	predicted protein	-				-	-
Sm_t00010425-RA	predicted protein	-				-	-
Sm_t00010707-RA	predicted protein	-				-	-
Sm_t00010818-RA	predicted protein	-				-	-
Sm_t00010830-RA	predicted protein	-				-	-
Sm_t00010862-RA	predicted protein	-				-	-
Sm_t00011024-RA	predicted protein	-				-	-
Sm_t00011070-RA	predicted protein	-				-	-
Sm_t00011252-RA	predicted protein	-				-	-
Sm_t00011299-RA	predicted protein	-				-	-
Sm_t00011348-RA	predicted protein	-				-	-
Sm_t00011478-RA	predicted protein	-				-	-
Sm_t00011542-RA	predicted protein	-				-	-
Sm_t00011560-RA	predicted protein	-				-	-
Sm_t00011567-RA	predicted protein	-				-	-
Sm_t00011578-RA	predicted protein	-		Half coverage region		-	-
Sm_t00011595-RA	predicted protein	-		Half coverage region		-	-
Sm_t00011664-RA	predicted protein	-				-	-
Sm_t00011834-RA	predicted protein	-				-	-
Sm_t00012017-RA	predicted protein	-				-	-
Sm_t00012057-RA	predicted protein	-				-	-
Sm_t00012060-RA	predicted protein	-				-	-
Sm_t00012109-RA	predicted protein	-				-	-
Sm_t00012135-RA	predicted protein	-				-	-
Sm_t00012251-RA	predicted protein	-				-	-
Sm_t00012274-RA	predicted protein	-		Half coverage		-	-
Sm_t00012447-RA	predicted protein	-				-	-
Sm_t00012846-RA	predicted protein	-				-	-
Sm_t00012871-RA	predicted protein	-				-	-
Sm_t00012954-RA	predicted protein	-				-	-
Sm_t00012955-RA	predicted protein	-				-	-
Sm_t00012962-RA	predicted protein	-				-	-
Sm_t00012965-RA	predicted protein	-				-	-
Sm_t00012986-RA	predicted protein	-				-	-
Sm_t00013100-RA	predicted protein	-				-	-
Sm_t00013180-RA	predicted protein	-				-	-
Sm_t00013273-RA	predicted protein	-				-	-
Sm_t00013302-RA	predicted protein	-				-	-
Sm_t00013358-RA	predicted protein	-				-	-
Sm_t00013430-RA	predicted protein	-				-	-
Sm_t00013441-RA	predicted protein	-				-	-
Sm_t00013471-RA	predicted protein	-				-	-
Sm_t00013986-RA	predicted protein	-				-	-
Sm_t00014023-RA	predicted protein	-				-	-
Sm_t00014070-RA	predicted protein	-				-	-
Sm_t00014074-RA	predicted protein	-				-	-
Sm_t00014075-RA	predicted protein	-				-	-
Sm_t00014097-RA	predicted protein	-				-	-
Sm_t00014352-RA	predicted protein	-				-	-
Sm_t00014577-RA	predicted protein	-				-	-
Sm_t00014670-RA	predicted protein	-				-	-
Sm_t00014681-RA	predicted protein	-				-	-
Sm_t00014764-RA	predicted protein	-				-	-
Sm_t00014834-RA	predicted protein	-				-	-
Sm_t00015014-RA	predicted protein	-				-	-
Sm_t00015742-RA	predicted protein	-				-	-
Sm_t00015747-RA	predicted protein	-				-	-
Sm_t00016325-RA	predicted protein	-				-	-
Sm_t00016342-RA	predicted protein	-				-	-
Sm_t00016465-RA	predicted protein	-				-	-
Sm_t00016468-RA	predicted protein	-				-	-
Sm_t00016541-RA	predicted protein	-				-	-
Sm_t00016592-RA	predicted protein	-				-	-
Sm_t00016902-RA	predicted protein	-				-	-
Sm_t00016943-RA	predicted protein	-				-	-
Sm_t00017094-RA	predicted protein	-				-	-
Sm_t00017306-RA	predicted protein	-				-	-
Sm_t00018135-RA	predicted protein	-				-	-
Sm_t00018426-RA	predicted protein	-				-	-
Sm_t00018718-RA	predicted protein	-				-	-
Sm_t00019956-RA	predicted protein	-				-	-
Sm_t00019972-RA	predicted protein	-				-	-
Sm_t00020258-RA	predicted protein	-				-	-
Sm_t00020262-RA	predicted protein	-				-	-
Sm_t00020488-RA	predicted protein	-				-	-
Sm_t00020533-RA	predicted protein	-		Half coverage		-	-
Sm_t00020824-RA	predicted protein	-				-	-
Sm_t00021331-RA	predicted protein	-				-	-
Sm_t00021336-RA	predicted protein	-				-	-
Sm_t00021481-RA	predicted protein	-				-	-
Sm_t00015543-RA	predicted protein, chloroplastic	-		Half coverage		Plastid	-
Sm_t00017899-RA	predicted protein, chloroplastic	-		Half coverage		Plastid	-
Sm_t00000099-RA	predicted protein, chloroplastic	-				Plastid	-
Sm_t00000390-RA	predicted protein, chloroplastic	-				Plastid	-
Sm_t00000391-RA	predicted protein, chloroplastic	-				Plastid	-
Sm_t00000472-RA	predicted protein, chloroplastic	-				Plastid	-
Sm_t00000506-RA	predicted protein, chloroplastic	-				Plastid	-
Sm_t00000680-RA	predicted protein, chloroplastic	-				Plastid	-
Sm_t00001082-RA	predicted protein, chloroplastic	-				Plastid	-
Sm_t00003059-RA	predicted protein, chloroplastic	-				Plastid	-
Sm_t00003266-RA	predicted protein, chloroplastic	-				Plastid	-
Sm_t00003368-RA	predicted protein, chloroplastic	-				Plastid	-
Sm_t00003980-RA	predicted protein, chloroplastic	-				Plastid	-
Sm_t00004486-RA	predicted protein, chloroplastic	-				Plastid	-
Sm_t00004810-RA	predicted protein, chloroplastic	-				Plastid	-
Sm_t00005326-RA	predicted protein, chloroplastic	-				Plastid	-
Sm_t00006242-RA	predicted protein, chloroplastic	-				Plastid	-
Sm_t00007539-RA	predicted protein, chloroplastic	-				Plastid	-
Sm_t00007590-RA	predicted protein, chloroplastic	-				Plastid	-
Sm_t00007909-RA	predicted protein, chloroplastic	-				Plastid	-
Sm_t00008815-RA	predicted protein, chloroplastic	-				Plastid	-
Sm_t00008837-RA	predicted protein, chloroplastic	-				Plastid	-
Sm_t00008935-RA	predicted protein, chloroplastic	-				Plastid	-
Sm_t00010399-RA	predicted protein, chloroplastic	-				Plastid	-
Sm_t00010574-RA	predicted protein, chloroplastic	-				Plastid	-
Sm_t00010878-RA	predicted protein, chloroplastic	-				Plastid	-
Sm_t00011291-RA	predicted protein, chloroplastic	-				Plastid	-
Sm_t00011882-RA	predicted protein, chloroplastic	-				Plastid	-
Sm_t00012706-RA	predicted protein, chloroplastic	-				Plastid	-
Sm_t00013060-RA	predicted protein, chloroplastic	-				Plastid	-
Sm_t00013091-RA	predicted protein, chloroplastic	-				Plastid	-
Sm_t00013092-RA	predicted protein, chloroplastic	-				Plastid	-
Sm_t00013835-RA	predicted protein, chloroplastic	-				Plastid	-
Sm_t00013843-RA	predicted protein, chloroplastic	-				Plastid	-
Sm_t00013847-RA	predicted protein, chloroplastic	-				Plastid	-
Sm_t00014351-RA	predicted protein, chloroplastic	-				Plastid	-
Sm_t00014405-RA	predicted protein, chloroplastic	-		Weird coverage?		Plastid	-
Sm_t00014456-RA	predicted protein, chloroplastic	-				Plastid	-
Sm_t00017022-RA	predicted protein, chloroplastic	-				Plastid	-
Sm_t00020252-RA	predicted protein, chloroplastic	-				Plastid	-
Sm_t00000156-RA	predicted protein, chloroplastic	-				Plastid	-
Sm_t00001087-RA	predicted protein, chloroplastic	-				Plastid	-
Sm_t00001421-RA	predicted protein, chloroplastic	-				Plastid	-
Sm_t00002382-RA	predicted protein, chloroplastic	-				Plastid	-
Sm_t00002387-RA	predicted protein, chloroplastic	-				Plastid	-
Sm_t00002905-RA	predicted protein, chloroplastic	-				Plastid	-
Sm_t00003344-RA	predicted protein, chloroplastic	-				Plastid	-
Sm_t00003563-RA	predicted protein, chloroplastic	-				Plastid	-
Sm_t00003978-RA	predicted protein, chloroplastic	-				Plastid	-
Sm_t00004582-RA	predicted protein, chloroplastic	-				Plastid	-
Sm_t00004604-RA	predicted protein, chloroplastic	-				Plastid	-
Sm_t00005579-RA	predicted protein, chloroplastic	-				Plastid	-
Sm_t00006144-RA	predicted protein, chloroplastic	-				Plastid	-
Sm_t00006145-RA	predicted protein, chloroplastic	-				Plastid	-
Sm_t00006146-RA	predicted protein, chloroplastic	-				Plastid	-
Sm_t00009048-RA	predicted protein, chloroplastic	-				Plastid	-
Sm_t00011781-RA	predicted protein, chloroplastic	-				Plastid	-
Sm_t00012129-RA	predicted protein, chloroplastic	-				Plastid	-
Sm_t00012994-RA	predicted protein, chloroplastic	-				Plastid	-
Sm_t00017259-RA	predicted protein, chloroplastic	-				Plastid	-
Sm_t00017261-RA	predicted protein, chloroplastic	-				Plastid	-
Sm_t00001291-RA	predicted protein, chloroplastic/mitochondrial	-		Half coverage region		Plastid	Mito
Sm_t00011590-RA	predicted protein, chloroplastic/mitochondrial	-		Half coverage region		Plastid	Mito
Sm_t00002571-RA	predicted protein, mitochondrial	-				-	Mito
Sm_t00007833-RA	predicted protein, mitochondrial	-				-	Mito
Sm_t00010534-RA	predicted protein, mitochondrial	-				-	Mito
Sm_t00001805-RA	predicted protein, mitochondrial	-				-	Mito
Sm_t00001909-RA	predicted protein, mitochondrial	-				-	Mito
Sm_t00002767-RA	predicted protein, mitochondrial	-				-	Mito
Sm_t00012206-RA	predicted protein, mitochondrial	-				-	Mito
Sm_t00012895-RA	predicted protein, mitochondrial	-				-	Mito
Sm_t00013307-RA	predicted protein, mitochondrial	-				-	Mito
Sm_t00016324-RA	predicted protein, mitochondrial	-				-	Mito
Sm_t00000990-RA	predicted protein, partial	-		Models should be merged		-	-
Sm_t00000991-RA	predicted protein, partial	-		Models should be merged		-	-
Sm_t00001513-RA	predicted protein, partial	-		Models should be merged		-	-
Sm_t00001514-RA	predicted protein, partial	-		Models should be merged		-	-
Sm_t00003660-RA	predicted protein, partial	-		Models should be merged		-	-
Sm_t00003661-RA	predicted protein, partial	-		Models should be merged		-	-
Sm_t00005951-RA	predicted protein, partial	-				-	-
Sm_t00010377-RA	predicted protein, partial	-		Models should be merged		-	-
Sm_t00010378-RA	predicted protein, partial	-		Models should be merged		-	-
Sm_t00014605-RA	predicted protein, partial	-		Models should be merged		-	-
Sm_t00014606-RA	predicted protein, partial	-		Models should be merged		-	-
Sm_plastid_g00053	preprotein translocase subunit SecA	-		secA		-	-
Sm_plastid_g00172	preprotein translocase subunit SecA	-		secA		-	-
Sm_t00016523-RA	prolyl 4-hydroxylase alpha subunit-like protein					-	-
Sm_t00009071-RA	prolyl 4-hydroxylase family protein					-	-
Sm_t00000200-RA	proteasome subunit beta type-6	3.4.25.1				-	-
Sm_t00013267-RA	protein arginine N-methyltransferase	2.1.1.319				-	-
Sm_t00008385-RA	protein disulfide-isomerase family protein					-	-
Sm_t00011495-RA	protein disulfide-isomerase family protein					-	-
Sm_t00018115-RA	protein HHL1-like protein	-				-	-
Sm_t00019825-RA	protein MAK16	-				-	-
Sm_t00014572-RA	protein RETICULATA-related protein, chloroplastic	-				Plastid	-
Sm_t00005240-RA	protein spinster-like protein					-	-
Sm_t00009180-RA	protein transport protein SEC61 subunit alpha	-				-	-
Sm_t00009183-RA	protein transport protein SEC61 subunit alpha	-				-	-
Sm_t00009196-RA	protein transport protein SEC61 subunit gamma	-				-	-
Sm_t00001055-RA	pumilio family RNA-binding protein	-				-	-
Sm_t00011787-RA	pumilio family RNA-binding protein	-				-	-
Sm_t00002112-RA	putative membrane protein insertion efficiency factor	-				-	-
Sm_t00000948-RA	putative RNA methyltransferase, NOL1/NOP2/sun family	2.1.1.-				-	-
Sm_t00000139-RA	pyridoxamine 5'-phosphate oxidase family protein, mitochondrial	-				-	Mito
Sm_t00010857-RA	pyruvate kinase	2.7.1.40				-	-
Sm_t00001239-RA	quinone oxidoreductase, mitochondrial	1.6.5.2				-	Mito
Sm_t00001972-RA	Rab-GTPase-TBC domain-containing protein	-				-	-
Sm_t00012056-RA	RAP domain-containing protein, mitochondrial	-				-	Mito
Sm_t00006674-RA	Ras GTPase, GNL1-like	-				-	-
Sm_t00010448-RA	RCC1 domain-containing protein	-				-	-
Sm_t00011547-RA	retinol dehydrogenase-related protein, chloroplastic	-		Related to light-dependent protochlorophyllide reductase?		Plastid	-
Sm_t00002047-RA	rhodanese-related sulfurtransferase	-				-	-
Sm_t00017047-RA	rhodanese-related sulfurtransferase	-				-	-
Sm_t00000508-RA	ribokinase family protein					-	-
Sm_t00001905-RA	ribonuclease activity regulator RraA family protein	-				-	-
Sm_t00003678-RA	ribonuclease domain-containing protein, chloroplastic	-				Plastid	-
Sm_t00000815-RA	ribonucleoside-diphosphate reductase					-	-
Sm_t00022493-RA	ribose-5-phosphate isomerase	5.3.1.6				-	-
Sm_t00003650-RA	ribosomal biogenesis protein BMS1	-				-	-
Sm_t00008623-RA	ribosomal oxygenase 1					-	-
Sm_t00013111-RA	ribosomal protein L11 methyltransferase, chloroplastic	2.1.1.-				Plastid	-
Sm_t00008178-RA	ribosomal RNA large subunit methyltransferase	2.1.1.-				-	-
Sm_t00013129-RA	ribosomal RNA processing protein 1	-		Also 'nucleolar protein Nop52'		-	-
Sm_t00001436-RA	ribosomal RNA processing protein 7	-				-	-
Sm_t00004905-RA	ribosomal RNA small subunit methyltransferase NEP1	2.1.1.-				-	-
Sm_t00011692-RA	ribosomal RNA small subunit methyltransferase, chloroplastic	2.1.1.-				Plastid	-
Sm_t00017268-RA	ribosomal RNA-processing protein 12 family protein	-				-	-
Sm_t00009593-RA	ribosomal-protein-serine acetyltransferase	2.3.1.-				-	-
Sm_t00008899-RA	ribosome assembly factor mrt4, partial	-		Models should be merged		-	-
Sm_t00008900-RA	ribosome assembly factor mrt4, partial	-		Models should be merged		-	-
Sm_t00003281-RA	ribosome biogenesis protein BRX1	-				-	-
Sm_t00008032-RA	ribosome biogenesis protein NOP53	-				-	-
Sm_t00007542-RA	ribosome biogenesis protein NSA2	-				-	-
Sm_t00008465-RA	ribosome biogenesis protein WDR12	-				-	-
Sm_t00014038-RA	ribosome biogenesis regulatory protein	-				-	-
Sm_t00002633-RA	ribosome production factor 1	-				-	-
Sm_t00011074-RA	ribosome-associated GTPase	-				-	-
Sm_t00007666-RA	ribosome-associated GTPase, OBG family	3.6.5.-				-	-
Sm_t00007443-RA	ribosome-associated GTPase, OBG family, mitochondrial	3.6.5.-				-	Mito
Sm_t00004086-RA	ribosome-interacting GTPase 1					-	-
Sm_t00001938-RA	RMD1 family protein, mitochondrial	-				-	Mito
Sm_t00001731-RA	RNA (C5-cytosine) methyltransferase	2.1.1.-				-	-
Sm_t00006629-RA	RNA 3'-terminal phosphate cyclase-like protein	-				-	-
Sm_t00006207-RA	RNA 5'-monophosphate methyltransferase	2.1.1.-				-	-
Sm_t00002042-RA	RNA exonuclease					-	-
Sm_t00010920-RA	RNA exonuclease			Half coverage		-	-
Sm_t00012266-RA	RNA exonuclease REXO1/REXO3 family protein	3.1.-.-				-	-
Sm_t00001906-RA	RNA M5U methyltransferase family protein, chloroplastic	2.1.1.-				Plastid	-
Sm_t00011675-RA	RNA methyltransferase	2.1.1.-				-	-
Sm_t00015710-RA	RNA methyltransferase, RsmB/NOP family	2.1.1.-				-	-
Sm_t00016486-RA	RNA methyltransferase, TRM3-like	2.1.1.-				-	-
Sm_t00013394-RA	RNA polymerase sigma factor, partial	-		Models should be merged		-	-
Sm_t00013395-RA	RNA polymerase sigma factor, partial	-		Models should be merged		-	-
Sm_t00007109-RA	RNA pseudouridine synthase	5.4.99.-				-	-
Sm_t00007401-RA	RNA pseudouridine synthase	5.4.99.-				-	-
Sm_t00008299-RA	RNA pseudouridine synthase	5.4.99.-				-	-
Sm_t00009312-RA	RNA pseudouridine synthase	5.4.99.-				-	-
Sm_t00000186-RA	RNA pseudouridine synthase, chloroplastic	5.4.99.-				Plastid	-
Sm_t00005042-RA	RNA pseudouridine synthase, chloroplastic	5.4.99.-				Plastid	-
Sm_t00010426-RA	RNA pseudouridine synthase, chloroplastic/mitochondrial	5.4.99.-		Should this model be split in the 5' UTR?		Plastid	Mito
Sm_t00013812-RA	RNA-binding protein	-				-	-
Sm_t00002440-RA	RNA-binding protein	-				-	-
Sm_t00003278-RA	RNA-binding protein 28-like protein	-				-	-
Sm_t00009242-RA	RNA-binding protein 34, partial	-		Model very truncated		-	-
Sm_t00001680-RA	RNA-binding protein NOB1	3.1.-.-				-	-
Sm_t00010687-RA	RNA-binding protein, chloroplastic	-				Plastid	-
Sm_t00004651-RA	rRNA 2'-O-methyltransferase fibrillarin	2.1.1.-				-	-
Sm_t00001498-RA	rRNA biogenesis protein RRP36	-				-	-
Sm_t00004863-RA	rRNA biogenesis protein RRP5	-				-	-
Sm_t00002422-RA	rRNA methyltransferase					-	-
Sm_t00014195-RA	rRNA small subunit methyltransferase G, mitochondrial	2.1.1.170				-	Mito
Sm_t00006639-RA	rRNA-processing FCF1 family protein	-				-	-
Sm_t00008349-RA	rRNA-processing protein UTP23	-				-	-
Sm_t00003885-RA	RRP14 domain-containing protein	-				-	-
Sm_t00004408-RA	S-adenosyl-L-methionine-dependent tRNA 4-demethylwyosine synthase	4.1.3.44				-	-
Sm_t00011759-RA	SAM-dependent methyltransferase	2.1.1.-				-	-
Sm_t00009701-RA	SAM-dependent methyltransferase, chloroplastic	2.1.1.-				Plastid	-
Sm_t00000765-RA	SANT DNA-binding domain-containing protein	-				-	-
Sm_t00002817-RA	SDA1 family protein	-				-	-
Sm_t00013930-RA	SdrD B-like domain-containing protein	-				-	-
Sm_t00003312-RA	Sec-independent protein translocase family protein, chloroplastic					Plastid	-
Sm_t00015366-RA	Sec-independent protein translocase family protein, chloroplastic					Plastid	-
Sm_t00003605-RA	secretory pathway calcium ATPase	7.2.2.10				-	-
Sm_t00018875-RA	Sel1-like repeat family protein	-				-	-
Sm_t00000538-RA	serine carboxypeptidase S28 family protein	-				-	-
Sm_t00000780-RA	serine hydroxymethyltransferase, chloroplastic	2.1.2.1				Plastid	-
Sm_t00012505-RA	serine/threonine-protein kinase	2.7.11.-				-	-
Sm_t00003173-RA	serine/threonine-protein kinase RIO1	2.7.11.1				-	-
Sm_t00001208-RA	serine/threonine-protein kinase, RIO family	2.7.11.1				-	-
Sm_t00000771-RA	serine/threonine-protein phosphatase 5	3.1.3.16				-	-
Sm_t00005814-RA	short-chain dehydrogenase	1.-.-.-		1/3 coverage		-	-
Sm_t00007290-RA	short-chain dehydrogenase	1.-.-.-		2/3 coverage		-	-
Sm_t00012108-RA	short-chain dehydrogenase/reductase family protein, mitochondrial	1.1.1.-				-	Mito
Sm_t00004557-RA	sirohydrochlorin ferrochelatase, chloroplastic	4.99.1.4				-	-
Sm_t00000869-RA	SND2/TMEM208 family protein	-				-	-
Sm_t00001659-RA	sodium/chloride-dependent transporter family protein	-				-	-
Sm_t00000933-RA	solute carrier family 35 member B1	-		a.k.a. endoplasmic reticulum ATP/ADP translocase?		-	-
Sm_t00001555-RA	solute carrier family 35 protein					-	-
Sm_t00008161-RA	something about silencing protein 10	-				-	-
Sm_t00004850-RA	spermidine/spermine synthase family protein	2.5.1.-				-	-
Sm_t00002052-RA	stromal cell-derived factor 2-like protein					-	-
Sm_t00001767-RA	sugat transporter					-	-
Sm_t00001603-RA	sulfatase	3.1.6.-				-	-
Sm_t00003788-RA	sulfhydryl oxidase	1.8.3.2				-	-
Sm_t00003865-RA	sulfite exporter TauE/SafE family protein	-				-	-
Sm_t00010474-RA	sulfite exporter TauE/SafE family protein	-				-	-
Sm_t00003091-RA	sulfurtransferase-related protein	2.8.1.-				-	-
Sm_t00012250-RA	SYS1 family integral membrane protein	-		CDS very truncated		-	-
Sm_t00011411-RA	TAP42-like family protein	-				-	-
Sm_t00003827-RA	TatD family metal-dependent hydrolase	-				-	-
Sm_t00007920-RA	TerC family membrane protein, chloroplastic/mitochondrial	-				Plastid	Mito
Sm_t00001844-RA	tetratricopeptide repeat protein	-				-	-
Sm_t00004175-RA	tetratricopeptide repeat protein	-				-	-
Sm_t00012999-RA	tetratricopeptide repeat protein	-				-	-
Sm_t00001960-RA	tetratricopeptide repeat protein, mitochondrial	-				-	Mito
Sm_t00018865-RA	tetratricopeptide repeat-containing protein	-				-	-
Sm_t00021344-RA	thiol-disulfide oxidoreductase DCC family protein	-				-	-
Sm_t00007146-RA	thioredoxin domain-containing protein	-		Half coverage		-	-
Sm_t00012283-RA	thioredoxin domain-containing protein	-		Half coverage		-	-
Sm_t00014502-RA	thioredoxin domain-containing protein	-		Half coverage		-	-
Sm_t00012326-RA	thioredoxin-like protein	-		Half coverage		-	-
Sm_t00004191-RA	threonine synthase	4.2.3.1				-	-
Sm_t00001724-RA	threonylcarbamoyl-AMP synthase	2.7.7.87				-	-
Sm_t00002662-RA	TMEM144 family transporter	-				-	-
Sm_t00005022-RA	TMEM189_B domain-containing protein	-				-	-
Sm_t00002523-RA	TPH domain-containing protein	-				-	-
Sm_t00007023-RA	TraB/GumN family protein	-				-	-
Sm_t00005896-RA	trans-1,2-dihydrobenzene-1,2-diol dehydrogenase	1.1.1.179,1.3.1.20				-	-
Sm_t00000492-RA	transcription factor BTF3	-				-	-
Sm_t00003986-RA	transcription-repair-coupling factor	-				-	-
Sm_t00007384-RA	transcriptional regulator, chloroplastic	-				Plastid	-
Sm_t00010699-RA	transducin beta-like protein 3	-				-	-
Sm_t00001877-RA	translation elongation factor 1-alpha	-				-	-
Sm_t00008005-RA	translation factor GUF1, mitochondrial, partial	3.6.5.-		Models should be merged		-	-
Sm_t00007785-RA	translation initiation factor 2, chloroplastic	-				Plastid	-
Sm_t00005644-RA	translation initiation factor IF-3	-				-	-
Sm_t00001088-RA	translation initiation factor IF-3, chloroplastic	-				Plastid	-
Sm_t00002630-RA	transmembrane amino acid transporter protein	-				-	-
Sm_t00014387-RA	transmembrane amino acid transporter protein	-				-	-
Sm_t00014404-RA	transmembrane amino acid transporter protein	-				-	-
Sm_t00015699-RA	transport and Golgi organization protein 6	-		RNA polymerase II assembly factor RTP1?		-	-
Sm_t00012830-RA	trifunctional purine biosynthetic protein adenosine-3	2.1.2.2,6.3.3.1,6.3.4.13				-	-
Sm_t00009216-RA	triose-phosphate transporter family protein	-				-	-
Sm_t00014578-RA	tRNA (adenine(37)-N6)-methyltransferase	2.1.1.-				-	-
Sm_t00010359-RA	tRNA (adenine(58)-N(1))-methyltransferase non-catalytic subunit TRM6	-		Model should be split	Model should be merged with 103598	-	-
Sm_t00007665-RA	tRNA (cytidine-2'-O-)-methyltransferase TrmJ-like protein	-				-	-
Sm_t00010901-RA	tRNA (guanine-N(7)-)-methyltransferase, chloroplastic	2.1.1.33				Plastid	-
Sm_t00012935-RA	tRNA (guanine-N(7)-)-methyltransferase, chloroplastic	2.1.1.33				Plastid	-
Sm_t00010744-RA	tRNA (guanine(10)-N2)-methyltransferase	2.1.1.214				-	-
Sm_t00012801-RA	tRNA (guanine(26)-N(2))-dimethyltransferase, mitochondrial	2.1.1.216				-	Mito
Sm_t00002147-RA	tRNA (guanine(37)-N1)-methyltransferase	2.1.1.228		Triple-check?		-	-
Sm_t00011375-RA	tRNA (guanine(9)-N1)-methyltransferase	2.1.1.221				-	-
Sm_t00003824-RA	tRNA (guanosine(18)-2'-O)-methyltransferase	2.1.1.34				-	-
Sm_t00006726-RA	tRNA (uracil-5-)-methyltransferase	2.1.1.-				-	-
Sm_t00012155-RA	tRNA A64-2'-O-ribosylphosphate transferase	2.4.2.-				-	-
Sm_t00014663-RA	tRNA methyltransferase, MnmA family, chloroplastic	2.8.1.-		2.8.1.13 or 2.8.1.14?		Plastid	-
Sm_t00008253-RA	tRNA modification GTPase, TrmE family	3.6.-.-				-	-
Sm_t00014128-RA	tRNA wybutosine-synthesizing protein 2/3/4	2.1.1.282,2.5.1.114				-	-
Sm_t00007640-RA	tRNA-dihydrouridine synthase	1.3.1.-				-	-
Sm_t00000179-RA	tRNA-dihydrouridine synthase family protein	1.3.1.-				-	-
Sm_t00001881-RA	tRNA-dihydrouridine synthase family protein	1.3.1.-				-	-
Sm_t00005649-RA	tRNA:m(4)X modification enzyme TRM13	2.1.1.225				-	-
Sm_t00002164-RA	tropinone reductase	1.1.1.-				-	-
Sm_t00001660-RA	trypsin-like serine protease	3.4.21.-				-	-
Sm_t00012226-RA	trypsin-like serine protease	3.4.21.-				-	-
Sm_t00008365-RA	trypsin-like serine protease	3.4.21.-				-	-
Sm_t00010353-RA	trypsin-like serine protease	3.4.21.-				-	-
Sm_t00011301-RA	trypsin-like serine protease	3.4.21.-				-	-
Sm_t00011364-RA	trypsin-like serine protease	3.4.21.-				-	-
Sm_t00012828-RA	trypsin-like serine protease	3.4.21.-				-	-
Sm_t00012844-RA	trypsin-like serine protease	3.4.21.-				-	-
Sm_t00014287-RA	trypsin-like serine protease	3.4.21.-				-	-
Sm_t00014325-RA	trypsin-like serine protease	3.4.21.-				-	-
Sm_t00014329-RA	trypsin-like serine protease	3.4.21.-				-	-
Sm_t00018494-RA	trypsin-like serine protease	3.4.21.-				-	-
Sm_t00015690-RA	trypsin-like serine protease, chloroplastic	3.4.21.-				-	-
Sm_t00012311-RA	TVP38/TMEM64 family membrane protein, chloroplastic	-		Half coverage		Plastid	-
Sm_t00014533-RA	TVP38/TMEM64 family membrane protein, chloroplastic	-		Half coverage		Plastid	-
Sm_t00000817-RA	tweety-related protein	-				-	-
Sm_t00008603-RA	U3 small nucleolar RNA-associated protein 10	-				-	-
Sm_t00008048-RA	U3 small nucleolar RNA-associated protein 14	-				-	-
Sm_t00006043-RA	U3 small nucleolar RNA-associated protein 15 family protein	-				-	-
Sm_t00008341-RA	U3 small nucleolar RNA-associated protein 18	-				-	-
Sm_t00002306-RA	U3 small nucleolar RNA-associated protein 4	-				-	-
Sm_t00007684-RA	U3 small nucleolar RNA-associated protein 6	-				-	-
Sm_t00014238-RA	U3 small nucleolar RNA-associated protein 7	-				-	-
Sm_t00004006-RA	U4/U6.U5 small nuclear ribonucleoprotein component Snu23	-				-	-
Sm_t00003339-RA	ubiquitin carboxyl-terminal hydrolase	3.4.19.12				-	-
Sm_t00000769-RA	ubiquitin carboxyl-terminal hydrolase	3.4.19.12				-	-
Sm_t00011576-RA	ubiquitin conjugating enzyme E2	2.3.2.-				-	-
Sm_t00008148-RA	ubiquitin fusion degradation protein 1 family protein	-				-	-
Sm_t00000175-RA	ubiquitin-40S ribosomal protein S27a	-				-	-
Sm_t00001341-RA	ubiquitin-conjugating enzyme E2	2.3.2.23 				-	-
Sm_t00006807-RA	UDP-glucose 6-dehydrogenase	1.1.1.22				-	-
Sm_t00006641-RA	UDP-glucuronate 4-epimerase	5.1.3.6				-	-
Sm_t00012593-RA	UDP-glucuronate decarboxylase, partial	4.1.1.35		Models should be merged		-	-
Sm_t00014573-RA	UDP-N-acetylglucosamine pyrophosphorylase	2.7.7.23				-	-
Sm_t00009769-RA	UPF0754 family membrane protein, mitochondrial	-				-	Mito
Sm_t00003159-RA	Upf1-like family helicase	3.6.4.12				-	-
Sm_t00004492-RA	uridine 5'-monophosphate synthase	2.4.2.10,4.1.1.23				-	-
Sm_t00010010-RA	valine-tRNA ligase, mitochondrial	6.1.1.9				-	Mito
Sm_t00014244-RA	vWA domain-containing protein	-				-	-
Sm_t00001296-RA	vWA domain-containing protein	-		Half coverage region		-	-
Sm_t00006045-RA	WD repeat NOL10/ENP2 family protein	-		Model should be split	Other half - 'dihydrodipicolinate reductase'?	-	-
Sm_t00013089-RA	WD40 repeat domain-containing protein	-				-	-
Sm_t00014916-RA	WD40 repeat domain-containing protein	-				-	-
Sm_t00003248-RA	WD40 repeat protein	-				-	-
Sm_t00006248-RA	WD40 repeat protein	-				-	-
Sm_t00009471-RA	WD40 repeat-containing protein	-				-	-
Sm_t00002056-RA	YjgF-like protein, mitochondrial	-				-	Mito
Sm_t00005850-RA	zinc finger protein	-				-	-
Sm_t00004057-RA	zinc phosphodiesterase ELAC protein	3.1.26.11				-	-
Sm_t00017696-RA	ZIP family metal transporter	-		Half (1/3?) coverage		-	-
Sm_t00000096-RA	ZIP family zinc transporter	-				-	-
